user_id_clean,book_id,rating,is_read,days_to_read,user_book_recency,num_books_read,avg_rating_given,user_activity_count,recent_activity_days,avg_reading_time_days,average_rating,adjusted_average_rating,great,log_ratings_count,popularity_score,book_popularity_normalized,num_genres,is_series,title_length_in_characters,title_length_in_words,description_length,user_avg_rating_vs_book
4ff163f05067374db2bed275fa09439d,1759795,3,True,37,3998,91,3.9186046511627906,123,3177,38.96923076923076,3.0,2.282412252600083,False,3.295836866004329,33,1.597148750690888e-05,12,False,1,1,1234,1.6361923985627076
0a3dded9a4243000ec045123a18de33d,9557250,0,False,,,16,3.875,54,3063,15.8,3.35,2.437620599407153,False,2.8903717578961645,26,1.2583596217564571e-05,33,False,1,1,7,1.4373794005928469
3d12c26b8b119934af3a69aa16932e11,22031306,0,False,,,7,3.428571428571429,10,3993,0.75,2.75,2.5547246998501123,False,5.950642552587727,462,0.0002236008250967243,50,False,1,1,7,0.8738467287213165
715b233df18b09b210394c3b05ecf305,27774719,0,False,,,20,4.5,130,3038,4.428571428571428,3.88,3.6176726925719076,False,5.313205979041787,236,0.0001142203348978938,100,True,1,1,900,0.8823273074280924
732db7a8f366202ebced797d41cd1872,25310686,1,True,,,35,3.323529411764705,61,2921,96.0,3.88,3.6248512424244703,False,5.365976015021851,264,0.00012777190005527103,100,True,1,1,1061,-0.30132183065976514
08d78f9f44193a2bb877f71167d6ba48,25310686,4,True,,3626,76,3.6184210526315796,83,2935,17.857142857142858,3.88,3.6248512424244703,False,5.365976015021851,264,0.00012777190005527103,100,True,1,1,1061,-0.006430189792890673
9ff1a166b969dfae02fd29214f348e88,25310686,0,True,26,3653,196,3.6153846153846154,344,2918,9.746031746031743,3.88,3.6248512424244703,False,5.365976015021851,264,0.00012777190005527103,100,True,1,1,1061,-0.009466627039854902
6605fd4bec522d2d5af014901b3be702,18488894,0,False,,,21,3.176470588235294,32,3289,589.0,3.84,1.9287885732176973,False,1.3862943611198906,4,1.9359378796253185e-06,100,False,2,1,1390,1.2476820150175967
f43a0653db7fa87a8f1132f8953ae01d,27287393,0,False,,,83,4.474999999999999,314,2928,36.99999999999999,4.0,2.0243484815820754,False,1.3862943611198906,8,3.871875759250637e-06,35,True,2,1,750,2.4506515184179234
dc10feb24868bbec82c0f130c55d5133,23283283,2,True,47,3001,17,3.75,92,2924,6.499999999999999,3.83,2.323885460017025,False,1.9459101490553132,9,4.355860229156967e-06,100,True,2,1,796,1.4261145399829749
a341d85014039f104e3cb033d0ddd1de,7189365,3,True,0,4394,10,3.2222222222222228,47,3062,3.285714285714286,3.43,2.39391206474797,False,2.6390573296152584,17,8.227735988407605e-06,100,True,2,1,1097,0.8283101574742529
eda1acc8d9721defc304fcefe1ea8361,3177621,2,True,,5730,17,3.1249999999999996,29,3043,7.0,3.19,2.5837649663496576,False,3.713572066704308,44,2.1295316675878505e-05,37,False,2,1,1383,0.541235033650342
c730ab7ef5f5ec945b58d388de8228c5,22039812,5,True,61,2961,18,3.8666666666666667,72,2927,12.933333333333335,4.19,2.6189768818484227,False,1.9459101490553132,8,3.871875759250637e-06,100,False,2,1,826,1.247689784818244
8c0369c34b844f311c00788590ae5199,18266073,0,False,,,6,4.0,15,3173,,3.84,2.7195723352269088,False,2.5649493574615367,15,7.259767048594944e-06,100,False,2,1,1254,1.2804276647730912
cc3edfa1ef3479bc4de017967588c936,23523827,0,False,,,3,5.0,48,3302,6.5,3.32,2.746682326316596,False,3.8501476017100584,56,2.7103130314754462e-05,100,True,2,1,2737,2.253317673683404
244da0190ae01d2b28dfd1f0c6cafd19,11365023,3,True,,5409,71,3.563380281690142,76,2929,4.944444444444445,3.14,2.7529330805674848,False,4.624972813284271,114,5.517422956932158e-05,100,False,2,1,1001,0.8104472011226571
8e49fea2dc492414520dfa6f2470aeb2,16004013,1,True,,,51,4.183673469387755,89,2932,4.3076923076923075,3.19,2.8923995529981013,False,5.159055299214529,200,9.679689398126593e-05,32,False,2,1,918,1.2912739163896538
97e34d7ccd1bfa543486dd2d432ae19d,9703263,2,True,63,3614,115,3.330434782608695,130,2979,3.0609756097560963,3.14,2.9810301585336285,False,6.411818267709897,660,0.0003194297501381776,100,False,2,1,1323,0.34940462407506656
8b9be8458ce90beaac0043dc9dbbf77a,9703263,1,True,1,5181,98,3.5257731958762895,248,3291,22.064516129032256,3.14,2.9810301585336285,False,6.411818267709897,660,0.0003194297501381776,100,False,2,1,1323,0.5447430373426609
1b938c96cddcae215463296a001a2776,34517235,0,False,,,1,3.0,88,2915,5.0,3.82,2.9842790115831415,False,3.1354942159291497,28,1.3551565157377231e-05,100,True,2,1,974,0.01572098841685854
6cee4d9a41ee8a19cf1a6179a53d5978,17404713,3,True,,3979,79,3.5972222222222214,79,3166,5.454545454545455,3.93,3.0307969485605994,False,2.995732273553991,29,1.403554962728356e-05,100,False,2,1,862,0.566425273661622
0d607248657aac679e9b57de777ed409,27467537,4,True,,3523,101,4.059999999999999,105,2936,26.633333333333336,4.0,3.1861725060484196,False,3.1780538303479458,44,2.1295316675878505e-05,35,True,2,1,751,0.8738274939515791
11962d3f6a5f8a7db41be090d06d5565,10690772,5,True,,,7,3.6,8,3838,5.6000000000000005,3.39,3.1879281157933397,False,5.924255797414532,378,0.0001829461296245926,32,False,2,1,958,0.4120718842066604
a54f9d680477b1c8fc49105a97b58c41,30051397,4,True,0,2993,7,3.5,52,2923,2.4,3.64,3.285827835099244,False,4.795790545596741,147,7.114571707623046e-05,62,False,2,1,808,0.2141721649007562
ac9653e58ecb949ac30abe93a78df743,13519283,2,True,,,16,3.5,33,3244,5.0,3.48,3.3402467288200173,False,6.639875833826536,808,0.0003910594516843144,74,True,2,1,1789,0.15975327117998273
3600ac1434b3deed995ef341c4d976c9,17375431,0,False,,,4,3.3333333333333335,38,3010,10.0,3.61,3.4860426255337504,False,6.848005274576363,1045,0.0005057637710521145,100,False,2,1,804,-0.15270929220041696
14ea78d43c0a440cd2de9f3fdaa3daf6,17375431,3,True,,4356,325,4.378980891719745,1408,2922,14.717391304347826,3.61,3.4860426255337504,False,6.848005274576363,1045,0.0005057637710521145,100,False,2,1,804,0.8929382661859941
3254f64aae10f2f23d1fc7b4651b5e97,17375431,2,True,,,12,3.7142857142857144,20,3256,5.428571428571429,3.61,3.4860426255337504,False,6.848005274576363,1045,0.0005057637710521145,100,False,2,1,804,0.22824308875196397
c7c93b41e1d69213895435fc9a5d06ae,17375431,5,True,,,20,3.4499999999999997,58,2948,22.333333333333332,3.61,3.4860426255337504,False,6.848005274576363,1045,0.0005057637710521145,100,False,2,1,804,-0.036042625533750705
cd87d86bbf2e36a766b56dc4ef46668b,17375431,4,True,3,4573,232,3.5021645021645016,378,3151,10.651785714285717,3.61,3.4860426255337504,False,6.848005274576363,1045,0.0005057637710521145,100,False,2,1,804,0.016121876630751153
f34dd8926a43f463d075f2da94d14419,9308141,0,False,,,31,4.161290322580644,34,3163,13.625,3.81,3.556734602093987,False,5.402677381872279,249,0.00012051213300667608,100,False,2,1,670,0.604555720486657
0bdaffd8808ce176823631014a5a1222,36013075,0,True,,,140,4.1304347826086945,291,2923,16.708333333333332,4.19,3.621834052793965,False,3.784189633918261,48,2.3231254555503824e-05,100,False,2,1,847,0.5086007298147295
164a9f6b774c3c8dacfc9fb26082f1c1,18731348,0,False,,,24,3.9565217391304346,33,2941,3.3333333333333335,3.84,3.6449768898516655,True,5.8944028342648505,420,0.00020327347736065845,100,False,2,1,1390,0.31154484927876913
3c5ff559112f9821da70ec89dfef87f4,18731348,0,False,,,31,3.526315789473684,99,3061,26.499999999999996,3.84,3.6449768898516655,True,5.8944028342648505,420,0.00020327347736065845,100,False,2,1,1390,-0.11866110037798139
baca67c57b17d8b66af218f1d8bc745e,18731348,5,True,5,4363,9,4.0,38,3698,8.0,3.84,3.6449768898516655,True,5.8944028342648505,420,0.00020327347736065845,100,False,2,1,1390,0.35502311014833454
c26f2ab251af68608fb9b593c6834511,21562651,5,True,,,7,4.7142857142857135,101,3461,4.0,3.93,3.665268125761658,True,5.278114659230517,227,0.00010986447466873683,100,False,2,1,862,1.0490175885240554
b2782358e9257096cc16785f5b066f68,21562651,0,False,,,82,3.3684210526315796,186,2929,25.153846153846157,3.93,3.665268125761658,True,5.278114659230517,227,0.00010986447466873683,100,False,2,1,862,-0.2968470731300785
3606ef88dde27d407b1c6ab3ec71f986,6608354,5,True,,,43,3.6578947368421044,48,2919,17.333333333333336,4.19,3.7302214257367443,True,4.1588830833596715,71,3.436289736334941e-05,100,False,2,1,333,-0.07232668889463989
4ff95f82062f69529347819f6f52ea12,12819873,0,False,,,0,,6,4872,,4.19,3.7302214257367443,True,4.1588830833596715,65,3.145899054391143e-05,100,False,2,1,508,
fac69332162212447a3aba5ed3f1243c,15796303,3,True,,,9,3.0,10,3984,,3.93,3.7376982537227215,True,5.886104031450156,442,0.0002139211356985977,100,False,2,1,978,-0.7376982537227215
b5cdbdd32053181cd45d9ea2ee62581d,15796303,0,False,,,75,3.6933333333333325,240,2952,12.466666666666667,3.93,3.7376982537227215,True,5.886104031450156,442,0.0002139211356985977,100,False,2,1,978,-0.044364920389388995
c2401b38b57ceb1c7dcd4963c45dfc17,15796303,0,True,4,4585,198,3.164893617021277,392,3007,2.7636363636363632,3.93,3.7376982537227215,True,5.886104031450156,442,0.0002139211356985977,100,False,2,1,978,-0.5728046367014445
16a26f24f4d17a1022abe4564974d411,657383,4,True,,,154,3.3333333333333335,162,4348,,3.93,3.762668752782342,True,6.152732694704104,496,0.0002400562970735395,100,False,2,1,666,-0.42933541944900844
6e0c9c5581c2e5a3925d0e9495634563,657383,3,True,,,46,3.7173913043478266,48,3359,,3.93,3.762668752782342,True,6.152732694704104,496,0.0002400562970735395,100,False,2,1,666,-0.04527744843451531
8259639fe152ceb694e5af0c858d5a04,657383,4,True,,,646,3.709828393135726,726,2918,4.200729927007302,3.93,3.762668752782342,True,6.152732694704104,496,0.0002400562970735395,100,False,2,1,666,-0.05284035964661582
dba4bc51b455596db49463b05bfef5d6,15737884,4,True,8,3155,23,3.714285714285714,30,2958,25.4,3.93,3.7683053185728332,True,6.218600119691729,699,0.00033830514446452444,100,False,2,1,889,-0.05401960428711927
6e7548cefedf839101f33a7efbf2fdb3,17860739,0,False,,,137,4.1838235294117645,507,2922,4.438596491228072,3.84,3.808401962445391,True,9.463198053273784,15071,0.007294129945958294,100,False,2,1,1390,0.37542156696637363
db740314394a6398a5c9e3b35e0ff7d8,17860739,3,True,1157,3091,294,3.9828767123287676,319,3017,125.17391304347828,3.84,3.808401962445391,True,9.463198053273784,15071,0.007294129945958294,100,False,2,1,1390,0.17447474988337675
0c8e524b0ce025a34fe77d229789745c,17860739,0,True,,,3,4.5,4,4127,,3.84,3.808401962445391,True,9.463198053273784,15071,0.007294129945958294,100,False,2,1,1390,0.6915980375546091
9b85d25c926aa2c853fe461dc88d13e9,17860739,5,True,27,3792,41,3.73170731707317,54,2993,14.333333333333332,3.84,3.808401962445391,True,9.463198053273784,15071,0.007294129945958294,100,False,2,1,1390,-0.07669464537222082
1de685d12f1960758bb32d73801cfb47,17860739,0,False,,,2,3.0,13,2980,5.0,3.84,3.808401962445391,True,9.463198053273784,15071,0.007294129945958294,100,False,2,1,1390,-0.8084019624453909
dc36c784155965c8e4986a13719a35fd,17860739,0,False,,,34,4.176470588235294,117,2939,13.1,3.84,3.808401962445391,True,9.463198053273784,15071,0.007294129945958294,100,False,2,1,1390,0.3680686257899035
d0bbc5a40f61a85f88da9c0ba864b8c8,17860739,0,False,,,5,3.2,6,3451,,3.84,3.808401962445391,True,9.463198053273784,15071,0.007294129945958294,100,False,2,1,1390,-0.6084019624453907
6b1b3c79d621504c465f39341cc2dd3c,17860739,0,False,,,13,3.571428571428571,16,3199,10.5,3.84,3.808401962445391,True,9.463198053273784,15071,0.007294129945958294,100,False,2,1,1390,-0.2369733910168197
2dee11b40bc1a40720bd3b0ac7eb4055,17860739,5,True,,4078,23,2.9130434782608696,23,2939,48.0,3.84,3.808401962445391,True,9.463198053273784,15071,0.007294129945958294,100,False,2,1,1390,-0.8953584841845212
ffc42e30b72d08caeebcce6ab8d480f2,17860739,0,False,,,20,3.1500000000000004,61,3014,7.833333333333333,3.84,3.808401962445391,True,9.463198053273784,15071,0.007294129945958294,100,False,2,1,1390,-0.6584019624453905
e264ed7f5c8a4edb9cd6bbf29d09087f,17860739,0,False,,,13,3.384615384615385,31,2997,,3.84,3.808401962445391,True,9.463198053273784,15071,0.007294129945958294,100,False,2,1,1390,-0.42378657783000584
56114e29628abd80c234490ceaf87827,17860739,3,True,,,285,3.300751879699247,625,2929,33.70689655172414,3.84,3.808401962445391,True,9.463198053273784,15071,0.007294129945958294,100,False,2,1,1390,-0.5076500827461436
e40feaf225d4a7c043fac1ac01cb6779,17860739,5,True,,,12,4.2727272727272725,69,3114,1212.0,3.84,3.808401962445391,True,9.463198053273784,15071,0.007294129945958294,100,False,2,1,1390,0.4643253102818816
f4022b08ef66c6db69e01cfd2f4ca0c6,17860739,0,False,,,39,3.5897435897435894,58,2950,10.923076923076922,3.84,3.808401962445391,True,9.463198053273784,15071,0.007294129945958294,100,False,2,1,1390,-0.21865837270180144
99c2c3f1006db5a67cd85e86beb6cdc6,17860739,0,True,,,4,,7,2913,,3.84,3.808401962445391,True,9.463198053273784,15071,0.007294129945958294,100,False,2,1,1390,
da1f7e866daf910a04df72a406ec5c1b,17860739,0,False,,,54,3.6400000000000006,76,2924,4.411764705882354,3.84,3.808401962445391,True,9.463198053273784,15071,0.007294129945958294,100,False,2,1,1390,-0.1684019624453903
7a809dbcb5f38f3b0e8a78b67fb5bc13,17860739,0,True,,,106,4.087500000000001,423,2939,25.838709677419356,3.84,3.808401962445391,True,9.463198053273784,15071,0.007294129945958294,100,False,2,1,1390,0.2790980375546104
c3aa11ba8f5057fa163373e0a500e8be,17860739,0,True,,,6,4.0,13,2914,13.5,3.84,3.808401962445391,True,9.463198053273784,15071,0.007294129945958294,100,False,2,1,1390,0.19159803755460914
2b74f9ae60297b91b1a23850447b15a8,17860739,0,False,,,0,,7,3990,,3.84,3.808401962445391,True,9.463198053273784,15071,0.007294129945958294,100,False,2,1,1390,
b32e2723bcb56550f616f0413d0d2969,17860739,3,True,,,5,3.8,6,3596,,3.84,3.808401962445391,True,9.463198053273784,15071,0.007294129945958294,100,False,2,1,1390,-0.008401962445391042
f04d0e17fda18597fab69e5a09fdfb15,17860739,0,False,,,28,4.285714285714285,32,2928,24.647058823529413,3.84,3.808401962445391,True,9.463198053273784,15071,0.007294129945958294,100,False,2,1,1390,0.47731232326889383
d197c9af905aaedab75ea33fe14ff89c,17860739,0,False,,,1,4.0,166,2922,2.0,3.84,3.808401962445391,True,9.463198053273784,15071,0.007294129945958294,100,False,2,1,1390,0.19159803755460914
3590097d46f8419486f9983e5e371ab0,17860739,0,False,,,45,3.659090909090909,337,2939,21.76923076923077,3.84,3.808401962445391,True,9.463198053273784,15071,0.007294129945958294,100,False,2,1,1390,-0.1493110533544817
1baf07195f1090ce3c7a8af7eba57cef,17860739,0,False,,,17,2.705882352941176,43,2921,3.0,3.84,3.808401962445391,True,9.463198053273784,15071,0.007294129945958294,100,False,2,1,1390,-1.1025196095042147
9d547831457f45ca0fb9227edb3c7639,17860739,0,True,269,3948,7,3.0,7,3932,269.0,3.84,3.808401962445391,True,9.463198053273784,15071,0.007294129945958294,100,False,2,1,1390,-0.8084019624453909
f51695ee421fb3176826aa4d04d35079,17860739,0,False,,,44,3.285714285714285,46,2936,3.8,3.84,3.808401962445391,True,9.463198053273784,15071,0.007294129945958294,100,False,2,1,1390,-0.5226876767311057
1eeebab6a3297a325fab09c5cf424747,17860739,0,False,,,4,4.25,10,4063,16.666666666666668,3.84,3.808401962445391,True,9.463198053273784,15071,0.007294129945958294,100,False,2,1,1390,0.44159803755460914
1339fb967c347899daf079cd534cd2ec,17860739,4,True,,,16,3.6875,17,3561,,3.84,3.808401962445391,True,9.463198053273784,15071,0.007294129945958294,100,False,2,1,1390,-0.12090196244539086
e2b806cdbc0bfa9860fd89bc407078bf,17860739,0,False,,,22,3.8095238095238093,98,2925,11.833333333333332,3.84,3.808401962445391,True,9.463198053273784,15071,0.007294129945958294,100,False,2,1,1390,0.0011218470784184476
eb4b05b46c304963426d660aa5388723,17860739,0,False,,,0,,4,3978,,3.84,3.808401962445391,True,9.463198053273784,15071,0.007294129945958294,100,False,2,1,1390,
6fb1605208d0c2821eb94353174e1adc,17860739,0,False,,,55,3.7547169811320757,107,2919,8.0,3.84,3.808401962445391,True,9.463198053273784,15071,0.007294129945958294,100,False,2,1,1390,-0.05368498131331512
8068ac4810ac8937d866abac62b5bac8,17860739,0,False,,,8,3.375,17,3195,35.0,3.84,3.808401962445391,True,9.463198053273784,15071,0.007294129945958294,100,False,2,1,1390,-0.43340196244539086
863a95481660967d4ea5487e74e75724,17860739,0,False,,,1,3.0,10,2929,3.0,3.84,3.808401962445391,True,9.463198053273784,15071,0.007294129945958294,100,False,2,1,1390,-0.8084019624453909
e2d6ca630ad4e6680a0fa1401cf984b5,17860739,0,False,,,5,3.0,21,2974,70.0,3.84,3.808401962445391,True,9.463198053273784,15071,0.007294129945958294,100,False,2,1,1390,-0.8084019624453909
feb33fc107ed590c26fecd19bcbddb82,17860739,3,True,23,4347,55,3.0,124,2933,10.857142857142858,3.84,3.808401962445391,True,9.463198053273784,15071,0.007294129945958294,100,False,2,1,1390,-0.8084019624453909
0f9695b816f80ed7dd2768beaab2fabc,17860739,0,False,,,5,4.0,92,3145,0.5,3.84,3.808401962445391,True,9.463198053273784,15071,0.007294129945958294,100,False,2,1,1390,0.19159803755460914
12551d4899a1e206a294aa696000bfb2,17860739,0,False,,,0,,2,4193,,3.84,3.808401962445391,True,9.463198053273784,15071,0.007294129945958294,100,False,2,1,1390,
aacd324ca22bad6e73021a1046db1121,17860739,0,False,,,42,3.629629629629629,46,3028,5.120000000000001,3.84,3.808401962445391,True,9.463198053273784,15071,0.007294129945958294,100,False,2,1,1390,-0.178772332815762
4c6945c6b0bc1df9344f694220f42831,17860739,2,True,5,4081,20,2.7,35,3598,7.6,3.84,3.808401962445391,True,9.463198053273784,15071,0.007294129945958294,100,False,2,1,1390,-1.1084019624453907
e6fe4c24d33712f1e58a5b9489f21703,17860739,4,True,,4121,78,3.5753424657534243,372,2917,5.000000000000001,3.84,3.808401962445391,True,9.463198053273784,15071,0.007294129945958294,100,False,2,1,1390,-0.23305949669196657
c6f507144ed3e009ce99c238e16a9ed3,17860739,0,False,,,27,4.222222222222222,31,3499,17.5,3.84,3.808401962445391,True,9.463198053273784,15071,0.007294129945958294,100,False,2,1,1390,0.41382025977683146
363967d5ab48b2e891999ec703f4bdc0,17860739,0,False,,,5,3.4,9,4306,,3.84,3.808401962445391,True,9.463198053273784,15071,0.007294129945958294,100,False,2,1,1390,-0.40840196244539095
01df7c7d571d9ac659bef8e907fc2577,17860739,4,True,10,3542,1,4.0,1,3542,10.0,3.84,3.808401962445391,True,9.463198053273784,15071,0.007294129945958294,100,False,2,1,1390,0.19159803755460914
328975d687bed86b4cf2d70c90d5ea5c,17860739,0,False,,,49,4.461538461538463,66,2948,6.266666666666667,3.84,3.808401962445391,True,9.463198053273784,15071,0.007294129945958294,100,False,2,1,1390,0.6531364990930717
3d16cf29166b544369566e11271d9544,17860739,0,False,,,103,3.8415841584158414,148,2939,8.245283018867926,3.84,3.808401962445391,True,9.463198053273784,15071,0.007294129945958294,100,False,2,1,1390,0.03318219597045058
ae96ad4d75745c79c7f404c22b335610,17860739,0,False,,,8,,38,3081,24.142857142857146,3.84,3.808401962445391,True,9.463198053273784,15071,0.007294129945958294,100,False,2,1,1390,
3c3fc88eb595834dc08f64b69a3b3894,17860739,2,True,151,4101,33,3.5517241379310343,42,2926,10.28,3.84,3.808401962445391,True,9.463198053273784,15071,0.007294129945958294,100,False,2,1,1390,-0.2566778245143566
657405e409a7aeb9b21b0abb6cc70cb7,17860739,5,True,,,55,3.9056603773584904,56,3114,5.0,3.84,3.808401962445391,True,9.463198053273784,15071,0.007294129945958294,100,False,2,1,1390,0.0972584149130995
a0097be51534c2da97746a7d85121060,17860739,0,False,,,8,4.428571428571429,39,3509,5.0,3.84,3.808401962445391,True,9.463198053273784,15071,0.007294129945958294,100,False,2,1,1390,0.620169466126038
f1762f1fc956034e7657f20c29dcc403,17860739,0,False,,,2,4.0,42,2987,0.0,3.84,3.808401962445391,True,9.463198053273784,15071,0.007294129945958294,100,False,2,1,1390,0.19159803755460914
ec3d4bcfcbf6a31ae20325a500c37423,17860739,0,False,,,4,3.25,29,3105,7.0,3.84,3.808401962445391,True,9.463198053273784,15071,0.007294129945958294,100,False,2,1,1390,-0.5584019624453909
9f16e7115ac7b887c091ce412917f227,17860739,0,False,,,8,3.625,205,2951,112.16666666666667,3.84,3.808401962445391,True,9.463198053273784,15071,0.007294129945958294,100,False,2,1,1390,-0.18340196244539086
9027c4adc69f48cd326c3e6f87d77095,17860739,0,False,,,65,3.8666666666666663,84,3000,6.0,3.84,3.808401962445391,True,9.463198053273784,15071,0.007294129945958294,100,False,2,1,1390,0.05826470422127539
8320a03347423a2f1427628e3136a151,17860739,0,False,,,42,4.309523809523809,63,3107,12.555555555555559,3.84,3.808401962445391,True,9.463198053273784,15071,0.007294129945958294,100,False,2,1,1390,0.5011218470784184
8846963c76eed099591a1a6e5ffe776b,17860739,0,False,,,9,3.7142857142857144,23,2972,11.833333333333332,3.84,3.808401962445391,True,9.463198053273784,15071,0.007294129945958294,100,False,2,1,1390,-0.09411624815967645
21fa4f9d312c8eead79910a3487cca4c,17860739,0,False,,,7,4.5,14,3077,11.0,3.84,3.808401962445391,True,9.463198053273784,15071,0.007294129945958294,100,False,2,1,1390,0.6915980375546091
edac8a00c488d38c853a9842e0af51c3,17860739,0,False,,,23,2.8636363636363633,126,2928,41.625,3.84,3.808401962445391,True,9.463198053273784,15071,0.007294129945958294,100,False,2,1,1390,-0.9447655988090276
c9da8745b85ccb563ae2b217538cb0b0,17860739,3,True,334,3641,9,3.333333333333334,11,3641,334.0,3.84,3.808401962445391,True,9.463198053273784,15071,0.007294129945958294,100,False,2,1,1390,-0.47506862911205694
b1e0cdea2c9371d188131fdf8dc49744,17860739,0,False,,,0,,1,3918,,3.84,3.808401962445391,True,9.463198053273784,15071,0.007294129945958294,100,False,2,1,1390,
85bd00b309157cc53fa7fb79f06cafee,17860739,5,True,84,4260,57,3.56140350877193,87,3125,19.875,3.84,3.808401962445391,True,9.463198053273784,15071,0.007294129945958294,100,False,2,1,1390,-0.24699845367346107
b2899731b9aa58a11824e2dfc47fcd30,17860739,0,False,,,24,3.9047619047619047,72,2921,20.41176470588235,3.84,3.808401962445391,True,9.463198053273784,15071,0.007294129945958294,100,False,2,1,1390,0.09635994231651379
879512b470c5acda1102a680a1753410,17860739,5,True,38,3546,7,3.714285714285714,9,3546,18.2,3.84,3.808401962445391,True,9.463198053273784,15071,0.007294129945958294,100,False,2,1,1390,-0.0941162481596769
be460b45889d88ca94a5e4624be1df23,17860739,0,False,,,25,4.400000000000001,65,3125,15.857142857142856,3.84,3.808401962445391,True,9.463198053273784,15071,0.007294129945958294,100,False,2,1,1390,0.5915980375546104
0ef4827b8855e8778932a2c9df77dedd,17860739,0,False,,,96,3.3763440860215055,142,3399,41.5,3.84,3.808401962445391,True,9.463198053273784,15071,0.007294129945958294,100,False,2,1,1390,-0.4320578764238854
0f0814aa4937c06e601352c20e72e68d,17860739,0,False,,,0,,141,2920,,3.84,3.808401962445391,True,9.463198053273784,15071,0.007294129945958294,100,False,2,1,1390,
3dacbfbe4e3578a2c6fc43f0eb96b35a,17860739,0,False,,,6,3.333333333333333,53,2965,6.5,3.84,3.808401962445391,True,9.463198053273784,15071,0.007294129945958294,100,False,2,1,1390,-0.4750686291120578
faa7f70c79402cc2a7e49ba53287388a,17860739,0,False,,,29,4.1724137931034475,55,3283,241.33333333333331,3.84,3.808401962445391,True,9.463198053273784,15071,0.007294129945958294,100,False,2,1,1390,0.36401183065805665
b53dfcca2721806ec1341380f150695a,17860739,0,False,,,13,4.5,1028,2921,65.0,3.84,3.808401962445391,True,9.463198053273784,15071,0.007294129945958294,100,False,2,1,1390,0.6915980375546091
f902b3e0ec2dcd99090408e2bdce9cd5,17860739,2,True,33,3518,70,4.057142857142856,70,3517,21.0,3.84,3.808401962445391,True,9.463198053273784,15071,0.007294129945958294,100,False,2,1,1390,0.2487408946974652
0633a3766f632855102f9140d5dfb35b,17860739,0,False,,,21,2.7619047619047623,28,2954,20.61904761904762,3.84,3.808401962445391,True,9.463198053273784,15071,0.007294129945958294,100,False,2,1,1390,-1.0464972005406286
8957be08cff9e0665f260c29f78eba24,17860739,0,False,,,2,4.0,20,3026,6.0,3.84,3.808401962445391,True,9.463198053273784,15071,0.007294129945958294,100,False,2,1,1390,0.19159803755460914
7d0f5da267a29da9f46ab121735fd634,17860739,0,False,,,28,4.0,46,2918,17.166666666666668,3.84,3.808401962445391,True,9.463198053273784,15071,0.007294129945958294,100,False,2,1,1390,0.19159803755460914
d7d20cdc712f7b4b65f2facb6d0fcfbe,17860739,3,True,25,3120,35,4.0,38,2965,7.4,3.84,3.808401962445391,True,9.463198053273784,15071,0.007294129945958294,100,False,2,1,1390,0.19159803755460914
a5c52cfb8b523824579c6c513cec5478,17860739,0,False,,,46,3.093023255813954,91,2923,82.08333333333334,3.84,3.808401962445391,True,9.463198053273784,15071,0.007294129945958294,100,False,2,1,1390,-0.7153787066314368
51460c270b5b3dce57aeea30f576ed7f,17860739,0,False,,,86,4.378048780487804,293,2934,37.66666666666667,3.84,3.808401962445391,True,9.463198053273784,15071,0.007294129945958294,100,False,2,1,1390,0.569646818042413
8a87bcb1f9de68f031b62dea7d16b5f0,17860739,0,True,,,26,3.5,32,3284,30.642857142857142,3.84,3.808401962445391,True,9.463198053273784,15071,0.007294129945958294,100,False,2,1,1390,-0.30840196244539086
8727b52494a14456758c30866694d767,17860739,4,True,6,4276,100,3.4999999999999996,162,2912,4.1,3.84,3.808401962445391,True,9.463198053273784,15071,0.007294129945958294,100,False,2,1,1390,-0.3084019624453913
097910ece7d12c84c2c84ddf07a6eb2d,17860739,0,False,,,67,3.433333333333333,120,2997,7.283018867924528,3.84,3.808401962445391,True,9.463198053273784,15071,0.007294129945958294,100,False,2,1,1390,-0.37506862911205774
0054229963f63bd5928fc315cc2561e0,17860739,0,False,,,9,3.7777777777777777,25,2925,141.0,3.84,3.808401962445391,True,9.463198053273784,15071,0.007294129945958294,100,False,2,1,1390,-0.030624184667613186
6cf5661c886dfbc883bf62a98b770f32,17860739,0,True,,,11,3.7,12,3552,63.0,3.84,3.808401962445391,True,9.463198053273784,15071,0.007294129945958294,100,False,2,1,1390,-0.10840196244539069
89f6c2d38e6a512157960984b34787dd,17860739,0,False,,,31,3.689655172413793,52,3094,12.5,3.84,3.808401962445391,True,9.463198053273784,15071,0.007294129945958294,100,False,2,1,1390,-0.11874679003159772
a08c5cf8cef7ee1828011551e9d70ca8,17860739,0,False,,,240,3.962025316455696,376,2928,6.3383458646616555,3.84,3.808401962445391,True,9.463198053273784,15071,0.007294129945958294,100,False,2,1,1390,0.15362335401030514
c302dabce772772e8bf80d8ce9bcf345,17860739,0,True,,,11,4.0,15,3112,7.0,3.84,3.808401962445391,True,9.463198053273784,15071,0.007294129945958294,100,False,2,1,1390,0.19159803755460914
e66f355829ee18d6d9bef384a6da5d2e,17860739,0,False,,,95,3.0967741935483875,227,2923,5.308641975308643,3.84,3.808401962445391,True,9.463198053273784,15071,0.007294129945958294,100,False,2,1,1390,-0.7116277688970034
12fabc3d17bedb5b0bf57c961033faae,17860739,0,False,,,191,4.5,1450,2921,20.25850340136055,3.84,3.808401962445391,True,9.463198053273784,15071,0.007294129945958294,100,False,2,1,1390,0.6915980375546091
b9f098fa29cf07a2aebf62912e4b9a01,17860739,0,False,,,71,4.411764705882353,1866,2923,37.39285714285715,3.84,3.808401962445391,True,9.463198053273784,15071,0.007294129945958294,100,False,2,1,1390,0.6033627434369624
8b1051ed2df25f8927f4e03e44aee0d7,17860739,0,False,,,3,4.333333333333333,5,3533,,3.84,3.808401962445391,True,9.463198053273784,15071,0.007294129945958294,100,False,2,1,1390,0.5249313708879422
7fc28e42c4d6a3327a40c2c22f6768f0,17860739,0,False,,,80,3.3766233766233773,165,2922,5.438596491228069,3.84,3.808401962445391,True,9.463198053273784,15071,0.007294129945958294,100,False,2,1,1390,-0.43177858582201356
8f96b6a906f01a200a7ca29aff2fbb0d,17860739,0,True,,,39,4.485714285714285,83,2921,3.735294117647059,3.84,3.808401962445391,True,9.463198053273784,15071,0.007294129945958294,100,False,2,1,1390,0.677312323268894
ff3f68921f3e5cb7aa25f06c5d9ff8b0,17860739,0,True,293,4029,1,,2,3068,293.0,3.84,3.808401962445391,True,9.463198053273784,15071,0.007294129945958294,100,False,2,1,1390,
d2eeada3ff3a54c7d604ff2a16f8e460,17860739,0,False,,,2,3.0,5,3305,,3.84,3.808401962445391,True,9.463198053273784,15071,0.007294129945958294,100,False,2,1,1390,-0.8084019624453909
3bd5d9e91f228fdc453d57e6fc830368,17860739,0,False,,,21,4.0476190476190474,51,2921,8.200000000000001,3.84,3.808401962445391,True,9.463198053273784,15071,0.007294129945958294,100,False,2,1,1390,0.23921708517365659
38adf8cfdaa209fa8821165f3e4ddd93,17860739,0,False,,,12,4.818181818181818,54,2934,5.875,3.84,3.808401962445391,True,9.463198053273784,15071,0.007294129945958294,100,False,2,1,1390,1.0097798557364275
012cb42babe6918cbce9533053b5e2fa,17860739,0,False,,,0,,3,4214,,3.84,3.808401962445391,True,9.463198053273784,15071,0.007294129945958294,100,False,2,1,1390,
0b788f92b81725c0b578816757b06d3f,17860739,0,False,,,12,3.181818181818182,31,2926,9.555555555555555,3.84,3.808401962445391,True,9.463198053273784,15071,0.007294129945958294,100,False,2,1,1390,-0.6265837806272088
fb9ac386c71a8175c62b9af8d4621fda,17860739,2,True,10,4344,108,3.582524271844661,110,2932,83.25,3.84,3.808401962445391,True,9.463198053273784,15071,0.007294129945958294,100,False,2,1,1390,-0.22587769060073004
8e6ce0e3b5dcac226e17393d86ae41af,17860739,0,False,,,0,,13,3005,,3.84,3.808401962445391,True,9.463198053273784,15071,0.007294129945958294,100,False,2,1,1390,
204f7a57d02b42a7c9400729700d9e7e,17860739,0,True,,,26,3.8400000000000003,116,2933,50.2,3.84,3.808401962445391,True,9.463198053273784,15071,0.007294129945958294,100,False,2,1,1390,0.03159803755460944
a9140e4d52a6d65bf1ec5f1bf1268cf5,17860739,3,True,119,4234,4,3.0,5,3781,59.0,3.84,3.808401962445391,True,9.463198053273784,15071,0.007294129945958294,100,False,2,1,1390,-0.8084019624453909
3a488e2d334128d31c4f42c37d44b331,17860739,0,False,,,13,3.25,336,2932,29.285714285714285,3.84,3.808401962445391,True,9.463198053273784,15071,0.007294129945958294,100,False,2,1,1390,-0.5584019624453909
8644ad205d2531841caf6d8dd6109019,17860739,2,True,,,53,3.264150943396227,54,2991,0.0,3.84,3.808401962445391,True,9.463198053273784,15071,0.007294129945958294,100,False,2,1,1390,-0.5442510190491641
33e33881d25aecd004334b2242353ef3,17860739,0,False,,,2,3.5,8,2956,,3.84,3.808401962445391,True,9.463198053273784,15071,0.007294129945958294,100,False,2,1,1390,-0.30840196244539086
59b186cc9887888a0af28aad59e795aa,17860739,0,False,,,1,4.0,41,2982,,3.84,3.808401962445391,True,9.463198053273784,15071,0.007294129945958294,100,False,2,1,1390,0.19159803755460914
9e278743bcffa8bb2639c34d1a47eaa7,17860739,4,True,824,3496,6,4.2,24,2948,575.0,3.84,3.808401962445391,True,9.463198053273784,15071,0.007294129945958294,100,False,2,1,1390,0.3915980375546093
cb8750707221a63cfd8fb4fd0531cf39,17860739,0,True,,,7,4.4,8,4014,,3.84,3.808401962445391,True,9.463198053273784,15071,0.007294129945958294,100,False,2,1,1390,0.5915980375546095
67c654bdfa58b330022042effe8eec58,17860739,0,False,,,8,3.0,14,2926,33.0,3.84,3.808401962445391,True,9.463198053273784,15071,0.007294129945958294,100,False,2,1,1390,-0.8084019624453909
2e0be1b7f4177aeded39e1fe6330e6d2,17860739,0,False,,,0,,11,2953,,3.84,3.808401962445391,True,9.463198053273784,15071,0.007294129945958294,100,False,2,1,1390,
419a3bd1734aefafaf0913fe86e276cd,17860739,0,False,,,55,3.264150943396225,107,2954,6.896551724137932,3.84,3.808401962445391,True,9.463198053273784,15071,0.007294129945958294,100,False,2,1,1390,-0.5442510190491658
baac0da074650d2d9b3924f6b3a35eef,17860739,0,False,,,161,2.9999999999999996,204,2933,12.117647058823529,3.84,3.808401962445391,True,9.463198053273784,15071,0.007294129945958294,100,False,2,1,1390,-0.8084019624453913
a71e1622206a718c7a33c9441479092a,17860739,0,False,,,86,3.244186046511628,102,3053,10.5,3.84,3.808401962445391,True,9.463198053273784,15071,0.007294129945958294,100,False,2,1,1390,-0.564215915933763
8ebae7e7a5be9da6211e45e85e05c2b8,17860739,0,True,,,17,3.3333333333333335,25,3482,54.62500000000001,3.84,3.808401962445391,True,9.463198053273784,15071,0.007294129945958294,100,False,2,1,1390,-0.4750686291120574
02ec3e58b827a367470a17466c4ed238,17860739,0,False,,,11,3.8,113,2921,3.2,3.84,3.808401962445391,True,9.463198053273784,15071,0.007294129945958294,100,False,2,1,1390,-0.008401962445391042
7a546b1c4ae617c1ac307aeae6fc04fb,17860739,0,True,,,37,3.8666666666666663,49,3097,36.78260869565217,3.84,3.808401962445391,True,9.463198053273784,15071,0.007294129945958294,100,False,2,1,1390,0.05826470422127539
5dc1d9cf0285d8c9f448c9b4ec515085,17860739,0,True,,,16,4.214285714285714,73,2970,3.0,3.84,3.808401962445391,True,9.463198053273784,15071,0.007294129945958294,100,False,2,1,1390,0.40588375184032355
5762b7c63e0f77b3aebd5f6708b13ace,17860739,4,True,369,3932,22,3.6,42,3072,32.8421052631579,3.84,3.808401962445391,True,9.463198053273784,15071,0.007294129945958294,100,False,2,1,1390,-0.20840196244539078
f7dbbfc55cac589ad5e3c3fb566394d9,17860739,0,False,,,176,3.9130434782608696,277,2926,6.266233766233766,3.84,3.808401962445391,True,9.463198053273784,15071,0.007294129945958294,100,False,2,1,1390,0.10464151581547876
d202b3d4d17a56a9152ae6069c4570e5,17860739,0,True,,,7,4.0,7,2981,13.0,3.84,3.808401962445391,True,9.463198053273784,15071,0.007294129945958294,100,False,2,1,1390,0.19159803755460914
bc5a36998487c7e97b5800aaecf0cab3,17860739,0,False,,,34,3.0294117647058822,47,3050,2.7777777777777777,3.84,3.808401962445391,True,9.463198053273784,15071,0.007294129945958294,100,False,2,1,1390,-0.7789901977395086
1daa946d23386979ffc35fe894be9a22,17860739,0,False,,,32,3.774193548387097,132,2936,3.4,3.84,3.808401962445391,True,9.463198053273784,15071,0.007294129945958294,100,False,2,1,1390,-0.03420841405829389
d92327632e72c0fc4e65eb4774825deb,17860739,0,True,,,17,3.6,40,3016,83.25,3.84,3.808401962445391,True,9.463198053273784,15071,0.007294129945958294,100,False,2,1,1390,-0.20840196244539078
607e998e4c75bf79163b1ddcda7011cb,17860739,0,True,,,15,3.3846153846153846,40,3459,7.818181818181818,3.84,3.808401962445391,True,9.463198053273784,15071,0.007294129945958294,100,False,2,1,1390,-0.4237865778300063
f7fbf8b0786269605c688d3002bc585d,17860739,0,False,,,8,4.0,19,3123,3.0,3.84,3.808401962445391,True,9.463198053273784,15071,0.007294129945958294,100,False,2,1,1390,0.19159803755460914
240c8c9d8622c433181f6adba2016f04,17860739,0,True,,,53,3.9038461538461537,72,2944,19.771428571428572,3.84,3.808401962445391,True,9.463198053273784,15071,0.007294129945958294,100,False,2,1,1390,0.09544419140076288
cf8f66eac0943cdac51bafa5099acba0,17860739,0,False,,,5,3.5,17,3080,11.5,3.84,3.808401962445391,True,9.463198053273784,15071,0.007294129945958294,100,False,2,1,1390,-0.30840196244539086
e0eae74c06bf9bb85715ea4c320e3f50,17860739,0,False,,,9,3.625,42,3014,24.666666666666664,3.84,3.808401962445391,True,9.463198053273784,15071,0.007294129945958294,100,False,2,1,1390,-0.18340196244539086
8c13ed2060a11cc111d9331bca425e09,17860739,0,False,,,1,4.0,2,4311,,3.84,3.808401962445391,True,9.463198053273784,15071,0.007294129945958294,100,False,2,1,1390,0.19159803755460914
b4652aa4a97d736c42e073951d43c090,35012103,0,False,,,26,3.730769230769231,68,2920,13.333333333333332,4.19,3.8660961717933944,True,4.787491742782046,128,6.195001214801019e-05,100,False,2,1,1310,-0.13532694102416354
84029c0a36a0300406115683c80147ee,35012103,4,True,50,2941,15,4.083333333333333,92,2941,16.0,4.19,3.8660961717933944,True,4.787491742782046,128,6.195001214801019e-05,100,False,2,1,1310,0.21723716153993866
0143f92b1c54c459c8dddc123710c915,34684623,0,True,,,23,4.409090909090908,45,2939,21.5,4.19,3.8800742401317323,True,4.867534450455582,146,7.066173260632412e-05,100,False,2,1,1310,0.529016668959176
0564425945a7ec42263c5804261ce01a,29534832,5,True,8,3082,118,3.417391304347826,129,2927,12.146341463414636,4.19,3.881378535530201,True,4.875197323201151,166,8.034142200445072e-05,100,False,2,1,514,-0.46398723118237495
06ac765868a39453260121b9c5f66e1a,18872372,5,True,69,3204,23,3.8695652173913047,24,2963,14.35294117647059,4.19,3.9013821429541045,True,4.997212273764115,170,8.227735988407604e-05,100,False,2,1,508,-0.0318169255627998
2595af5308c2e294efcaebfe82d460ff,18872372,2,True,,,4,3.25,4,2957,,4.19,3.9013821429541045,True,4.997212273764115,170,8.227735988407604e-05,100,False,2,1,508,-0.6513821429541045
2f9860bcc7b522fe8102d3b54efa6b6e,15062217,0,True,13,3573,16,5.0,17,2999,24.333333333333332,3.93,3.9057521807387494,True,9.941553753342584,23244,0.011249735018502726,100,False,2,1,862,1.0942478192612506
d191584e719dad6a49474e7e5186e62c,15062217,4,True,14,4056,38,3.7647058823529407,90,2938,12.444444444444443,3.93,3.9057521807387494,True,9.941553753342584,23244,0.011249735018502726,100,False,2,1,862,-0.14104629838580873
38fffb20dac13c628d68981c7ba9574d,15062217,0,True,,,138,3.7941176470588234,237,3078,20.91176470588236,3.93,3.9057521807387494,True,9.941553753342584,23244,0.011249735018502726,100,False,2,1,862,-0.11163453367992604
bd9c2b08847a734848db871d17b5d383,15062217,0,False,,,25,3.8,52,2994,31.533333333333328,3.93,3.9057521807387494,True,9.941553753342584,23244,0.011249735018502726,100,False,2,1,862,-0.10575218073874959
d21dd3470d855745642724f8905a0b23,15062217,4,True,,,102,4.08080808080808,107,3164,13.679245283018874,3.93,3.9057521807387494,True,9.941553753342584,23244,0.011249735018502726,100,False,2,1,862,0.17505590006933103
b92110d83a1a0937f489468716328e92,15062217,0,False,,,15,4.75,101,2979,23.0,3.93,3.9057521807387494,True,9.941553753342584,23244,0.011249735018502726,100,False,2,1,862,0.8442478192612506
4cd85825c2aaa559b32d5aaefd927b64,15062217,0,False,,,14,3.571428571428571,71,3063,1.6666666666666667,3.93,3.9057521807387494,True,9.941553753342584,23244,0.011249735018502726,100,False,2,1,862,-0.33432360931017824
814ad19821ba74955280658ecd9bdf39,15062217,3,True,,,21,3.9,50,2924,22.0,3.93,3.9057521807387494,True,9.941553753342584,23244,0.011249735018502726,100,False,2,1,862,-0.005752180738749502
aa285675f8f08e136d7af036515d5998,15062217,4,True,,,4,4.25,9,3180,,3.93,3.9057521807387494,True,9.941553753342584,23244,0.011249735018502726,100,False,2,1,862,0.3442478192612506
380ff66f164ba527fe0ce268da3ea9f9,15062217,3,True,3,4354,75,3.575342465753424,90,2919,6.729166666666667,3.93,3.9057521807387494,True,9.941553753342584,23244,0.011249735018502726,100,False,2,1,862,-0.33040971498532556
4ae2da90e22b59341ef4e70c39001da6,15062217,0,False,,,21,3.428571428571428,150,2921,4.0,3.93,3.9057521807387494,True,9.941553753342584,23244,0.011249735018502726,100,False,2,1,862,-0.4771807521673215
51938953fedcb57091c9f642ccb712cd,15062217,0,False,,,74,3.9041095890410964,168,2931,14.129032258064518,3.93,3.9057521807387494,True,9.941553753342584,23244,0.011249735018502726,100,False,2,1,862,-0.0016425916976530175
1e13811e7e5ee15a8f79d77f6cd2b874,15062217,0,False,,,224,3.633484162895927,300,2922,3.7560975609756095,3.93,3.9057521807387494,True,9.941553753342584,23244,0.011249735018502726,100,False,2,1,862,-0.2722680178428223
1dc738ee42ffcf8256914f0a6f566775,15062217,0,False,,,13,3.2857142857142856,204,2927,13.833333333333332,3.93,3.9057521807387494,True,9.941553753342584,23244,0.011249735018502726,100,False,2,1,862,-0.6200378950244638
bbb961368122c871750cf9041ea0c9ab,15062217,3,True,14,2978,9,4.222222222222221,20,2978,8.5,3.93,3.9057521807387494,True,9.941553753342584,23244,0.011249735018502726,100,False,2,1,862,0.316470041483472
dfca09fc09d8443fc940f87124b7113b,15062217,4,True,,4215,218,3.8046511627906985,266,2932,5.831683168316831,3.93,3.9057521807387494,True,9.941553753342584,23244,0.011249735018502726,100,False,2,1,862,-0.10110101794805093
92d4ad7542a4a19c5c42c49807b6fefa,15062217,4,True,20,4615,21,2.9473684210526314,21,2963,153.25,3.93,3.9057521807387494,True,9.941553753342584,23244,0.011249735018502726,100,False,2,1,862,-0.958383759686118
322f6e85e71bb20519cb37d10ccd6fd0,15062217,4,True,,,17,3.9411764705882355,17,3361,,3.93,3.9057521807387494,True,9.941553753342584,23244,0.011249735018502726,100,False,2,1,862,0.03542428984948609
51633cd49759e125598de43279a958e5,15062217,4,True,2,4653,235,3.574561403508771,250,2919,9.074074074074073,3.93,3.9057521807387494,True,9.941553753342584,23244,0.011249735018502726,100,False,2,1,862,-0.3311907772299785
ae0c0dea7fcaa4dd34bcdce00868fdb9,15062217,3,True,6,3778,7,3.7142857142857144,14,3345,7.666666666666667,3.93,3.9057521807387494,True,9.941553753342584,23244,0.011249735018502726,100,False,2,1,862,-0.191466466453035
113d7016128bb17d6ba9d2850fc5a908,15062217,3,True,8,3514,190,3.6612021857923502,299,2926,6.636363636363637,3.93,3.9057521807387494,True,9.941553753342584,23244,0.011249735018502726,100,False,2,1,862,-0.24454999494639917
ef256fd3e684e0a796cb73b14a0d68b0,15062217,5,True,1,3942,124,4.355371900826445,240,2924,3.895833333333334,3.93,3.9057521807387494,True,9.941553753342584,23244,0.011249735018502726,100,False,2,1,862,0.4496197200876959
2e9b6e8a6fe262894521f259ae49e45d,15062217,4,True,14,3547,73,4.684931506849314,93,3008,11.833333333333334,3.93,3.9057521807387494,True,9.941553753342584,23244,0.011249735018502726,100,False,2,1,862,0.7791793261105648
4509bf97b98b348886f00895c2fe9064,15062217,0,False,,,70,3.705882352941176,185,2924,23.16666666666667,3.93,3.9057521807387494,True,9.941553753342584,23244,0.011249735018502726,100,False,2,1,862,-0.19986982779757323
15024c5d448623bb2f891bd811441917,15062217,0,False,,,766,3.7460106382978706,1123,2936,5.599009900990098,3.93,3.9057521807387494,True,9.941553753342584,23244,0.011249735018502726,100,False,2,1,862,-0.1597415424408788
13b90384d4bc8d17694d7a8012fffdb5,15062217,0,False,,,22,4.857142857142858,57,3236,,3.93,3.9057521807387494,True,9.941553753342584,23244,0.011249735018502726,100,False,2,1,862,0.9513906764041082
fe02e6308c9557c43695388bdfb71275,15062217,4,True,,,46,3.311111111111111,49,3705,7.0,3.93,3.9057521807387494,True,9.941553753342584,23244,0.011249735018502726,100,False,2,1,862,-0.5946410696276385
d3c3a310f5f769bc1aade7c2a5ec6d3d,15062217,0,False,,,18,3.3076923076923084,64,3092,1.0,3.93,3.9057521807387494,True,9.941553753342584,23244,0.011249735018502726,100,False,2,1,862,-0.598059873046441
8cdbfc2a6e5ae6e6015523bb9ebed45e,15062217,4,True,5,4713,10,4.444444444444445,16,3964,5.0,3.93,3.9057521807387494,True,9.941553753342584,23244,0.011249735018502726,100,False,2,1,862,0.5386922637056952
a0a8249457cb5e289627c37b9203c752,15062217,0,False,,,29,3.6111111111111116,112,2922,14.600000000000001,3.93,3.9057521807387494,True,9.941553753342584,23244,0.011249735018502726,100,False,2,1,862,-0.2946410696276378
76d1d52c439bc2f1b0108802741ebd0f,15062217,0,False,,,15,3.8000000000000007,21,2991,,3.93,3.9057521807387494,True,9.941553753342584,23244,0.011249735018502726,100,False,2,1,862,-0.1057521807387487
ad840f80efcde6cabfeb0aa0a483277e,15062217,4,True,1,4566,233,3.533333333333334,375,2931,3.937499999999999,3.93,3.9057521807387494,True,9.941553753342584,23244,0.011249735018502726,100,False,2,1,862,-0.3724188474054153
746a33d8a84a70fd0e20402b0085f9d6,15062217,4,True,2,4053,74,4.194444444444444,150,2922,7.640000000000001,3.93,3.9057521807387494,True,9.941553753342584,23244,0.011249735018502726,100,False,2,1,862,0.28869226370569434
0e8f87b983671d2a3d4269d1cb9b418d,15062217,5,True,,,41,4.414634146341462,120,2921,103.66666666666667,3.93,3.9057521807387494,True,9.941553753342584,23244,0.011249735018502726,100,False,2,1,862,0.5088819656027126
56ae33e61f7402356acb182638c44a3b,15062217,4,True,,,615,4.107317073170733,676,2986,,3.93,3.9057521807387494,True,9.941553753342584,23244,0.011249735018502726,100,False,2,1,862,0.20156489243198328
3592282b06e6a949b7f8fae20f76558e,15062217,0,False,,,19,3.2222222222222223,136,3024,11.0,3.93,3.9057521807387494,True,9.941553753342584,23244,0.011249735018502726,100,False,2,1,862,-0.6835299585165271
3f90205c1999de62fe8561a8a43c21da,15062217,4,True,,,26,3.6956521739130435,31,3016,1.0,3.93,3.9057521807387494,True,9.941553753342584,23244,0.011249735018502726,100,False,2,1,862,-0.21010000682570595
0639c65347dcdde5be89e2fe5c343f0d,15062217,5,True,1071,3554,22,4.238095238095237,27,3554,340.4,3.93,3.9057521807387494,True,9.941553753342584,23244,0.011249735018502726,100,False,2,1,862,0.33234305735648784
a2927eec01cee1d97c8b3c4b1d8b0fab,15062217,0,False,,,110,3.8737864077669903,235,2922,7.48,3.93,3.9057521807387494,True,9.941553753342584,23244,0.011249735018502726,100,False,2,1,862,-0.031965772971759066
f5095f7f9644b2c317050db2485e9dca,15062217,4,True,8,4268,124,4.138211382113822,149,2946,21.843137254901958,3.93,3.9057521807387494,True,9.941553753342584,23244,0.011249735018502726,100,False,2,1,862,0.23245920137507214
f4424d16f35f1703c6a3236f1f9a0959,15062217,5,True,0,3220,37,3.823529411764706,83,3160,3.533333333333333,3.93,3.9057521807387494,True,9.941553753342584,23244,0.011249735018502726,100,False,2,1,862,-0.08222276897404335
0fc8eb3efb838009888dc4ea3ad807e5,15062217,5,True,7,4547,76,3.693333333333334,402,2917,10.799999999999997,3.93,3.9057521807387494,True,9.941553753342584,23244,0.011249735018502726,100,False,2,1,862,-0.2124188474054156
4febc1e5c6c3f7b0bb4e96d837aa5106,15062217,4,True,,,16,4.249999999999999,23,3356,22.0,3.93,3.9057521807387494,True,9.941553753342584,23244,0.011249735018502726,100,False,2,1,862,0.3442478192612497
bc71458d62d8e4603dcf7aaacc361cb7,15062217,4,True,,,5,3.8,10,2923,,3.93,3.9057521807387494,True,9.941553753342584,23244,0.011249735018502726,100,False,2,1,862,-0.10575218073874959
3edde289841cd3f062a8f11a215e3d24,15062217,0,False,,,5,3.8,10,4390,,3.93,3.9057521807387494,True,9.941553753342584,23244,0.011249735018502726,100,False,2,1,862,-0.10575218073874959
f9f03fe0cebe046c56248a4957f15600,15062217,4,True,,3587,59,3.406779661016949,64,3101,1.1111111111111112,3.93,3.9057521807387494,True,9.941553753342584,23244,0.011249735018502726,100,False,2,1,862,-0.49897251972180046
29409993c43dfcd6d1d02793eb2041da,15062217,0,False,,,76,4.486486486486486,99,2920,4.928571428571429,3.93,3.9057521807387494,True,9.941553753342584,23244,0.011249735018502726,100,False,2,1,862,0.5807343057477365
9f9c899c4a2b303146b4b35e2f3e9be3,15062217,0,False,,,5,5.0,22,3486,0.0,3.93,3.9057521807387494,True,9.941553753342584,23244,0.011249735018502726,100,False,2,1,862,1.0942478192612506
b790c432f0b9a347c7eb12f270330c25,15062217,0,False,,,28,4.08,64,2925,110.5,3.93,3.9057521807387494,True,9.941553753342584,23244,0.011249735018502726,100,False,2,1,862,0.17424781926125066
8704cbfe50ecea6bd336a9bca1a8d0e8,15062217,0,False,,,23,3.6363636363636367,78,2935,2.3333333333333335,3.93,3.9057521807387494,True,9.941553753342584,23244,0.011249735018502726,100,False,2,1,862,-0.2693885443751127
bc503a2a3bb49c7e875df035c2241fff,15062217,0,False,,,52,4.539999999999999,94,3327,5.75,3.93,3.9057521807387494,True,9.941553753342584,23244,0.011249735018502726,100,False,2,1,862,0.6342478192612497
007720e1fe17f49c3d9d73bf174b86c3,15062217,4,True,,,3,3.6666666666666665,3,2927,,3.93,3.9057521807387494,True,9.941553753342584,23244,0.011249735018502726,100,False,2,1,862,-0.2390855140720829
99adef0e70a4326572400538b891a161,15062217,0,False,,,316,3.779220779220779,595,2914,4.312727272727275,3.93,3.9057521807387494,True,9.941553753342584,23244,0.011249735018502726,100,False,2,1,862,-0.12653140151797038
f7ae767cb41d5023285b85ff48e81c49,15062217,5,True,,,16,4.125,44,2941,2.875,3.93,3.9057521807387494,True,9.941553753342584,23244,0.011249735018502726,100,False,2,1,862,0.2192478192612506
fd0e6537dea73cbf14161d729146ed6e,15062217,0,True,,3140,17,3.111111111111111,52,3015,,3.93,3.9057521807387494,True,9.941553753342584,23244,0.011249735018502726,100,False,2,1,862,-0.7946410696276383
de5d8d8eaf809edde36df5f08964b056,15062217,4,True,,,700,3.831632653061225,906,2926,48.366071428571445,3.93,3.9057521807387494,True,9.941553753342584,23244,0.011249735018502726,100,False,2,1,862,-0.07411952767752439
7740cd7e0e521997b161b97abdec1ab3,15062217,0,False,,,11,3.727272727272727,19,4356,,3.93,3.9057521807387494,True,9.941553753342584,23244,0.011249735018502726,100,False,2,1,862,-0.17847945346602234
a66f34e15a0af1c0850e9ae33858c6d2,15062217,4,True,13,4443,87,4.174418604651163,98,3149,14.363636363636363,3.93,3.9057521807387494,True,9.941553753342584,23244,0.011249735018502726,100,False,2,1,862,0.2686664239124137
9fe74f742eaa1255eb3db89f77602dbc,15062217,0,False,,,29,3.9000000000000004,77,2947,4.0,3.93,3.9057521807387494,True,9.941553753342584,23244,0.011249735018502726,100,False,2,1,862,-0.0057521807387490576
8a8d4d9dbb5f1f233ddf700e03557ec3,15062217,0,False,,,8,3.6666666666666665,60,3229,2.5,3.93,3.9057521807387494,True,9.941553753342584,23244,0.011249735018502726,100,False,2,1,862,-0.2390855140720829
873ab3d62d1584ea2b052934344d55b4,15062217,4,True,23,3684,231,3.4000000000000004,259,3182,37.33333333333335,3.93,3.9057521807387494,True,9.941553753342584,23244,0.011249735018502726,100,False,2,1,862,-0.5057521807387491
c152db4655d9bae77919971a0210eb96,15062217,0,False,,,47,4.11111111111111,235,3143,31.666666666666664,3.93,3.9057521807387494,True,9.941553753342584,23244,0.011249735018502726,100,False,2,1,862,0.20535893037236042
ce9371914c54ab8a8114148fca68aff9,15062217,0,False,,,6,3.8333333333333335,75,3496,,3.93,3.9057521807387494,True,9.941553753342584,23244,0.011249735018502726,100,False,2,1,862,-0.07241884740541593
1f49bb67e383174b1eea9e3f5083b9cd,15062217,0,False,,,38,3.6388888888888893,101,3029,3.8000000000000007,3.93,3.9057521807387494,True,9.941553753342584,23244,0.011249735018502726,100,False,2,1,862,-0.26686329184986013
7210bb12bc6bdf7b26b2724489deb20b,15062217,0,False,,,20,3.789473684210526,28,3385,,3.93,3.9057521807387494,True,9.941553753342584,23244,0.011249735018502726,100,False,2,1,862,-0.11627849652822331
a8d346a903a54fedd26f7812c8f5020d,15062217,4,True,10,4409,7,3.4285714285714284,10,3939,10.0,3.93,3.9057521807387494,True,9.941553753342584,23244,0.011249735018502726,100,False,2,1,862,-0.47718075216732103
13ac24b23f78bee86c61d6f366279b3f,15062217,4,True,7,4828,55,3.773584905660377,178,2923,26.54166666666666,3.93,3.9057521807387494,True,9.941553753342584,23244,0.011249735018502726,100,False,2,1,862,-0.13216727507837245
884455e5ed284d2f67124ffb9b4f9902,15062217,0,False,,,8,4.0,55,2948,3.0,3.93,3.9057521807387494,True,9.941553753342584,23244,0.011249735018502726,100,False,2,1,862,0.09424781926125059
3570811372bfda3b7b1b8b6371a7d61b,15062217,0,False,,,17,4.529411764705882,96,2994,26.5,3.93,3.9057521807387494,True,9.941553753342584,23244,0.011249735018502726,100,False,2,1,862,0.6236595839671328
898372736cf7cf2c4a967dfba5b5dfed,15062217,4,True,,3808,110,3.064814814814814,141,3030,8.555555555555555,3.93,3.9057521807387494,True,9.941553753342584,23244,0.011249735018502726,100,False,2,1,862,-0.8409373659239354
01e764266bc9007f2972c37a52a5629a,15062217,0,False,,,4,3.75,32,2971,6.5,3.93,3.9057521807387494,True,9.941553753342584,23244,0.011249735018502726,100,False,2,1,862,-0.1557521807387494
239f7cb7c658e32de2e30162d157b235,15062217,0,False,,,19,5.0,42,2920,12.333333333333334,3.93,3.9057521807387494,True,9.941553753342584,23244,0.011249735018502726,100,False,2,1,862,1.0942478192612506
ed436f3424a52e1814281c6149b5260b,15062217,4,True,0,3305,81,3.5802469135802473,82,2925,0.8571428571428572,3.93,3.9057521807387494,True,9.941553753342584,23244,0.011249735018502726,100,False,2,1,862,-0.32550526715850214
a918afd62ff082e5b917f7d51a965442,15062217,5,True,,4672,65,3.573770491803279,125,2946,22.365384615384617,3.93,3.9057521807387494,True,9.941553753342584,23244,0.011249735018502726,100,False,2,1,862,-0.3319816889354703
1984abe47abc3fcc5e41f3a7d9061f9b,15062217,4,True,,,21,3.2380952380952386,21,3957,20.0,3.93,3.9057521807387494,True,9.941553753342584,23244,0.011249735018502726,100,False,2,1,862,-0.6676569426435108
bbe2f90a6cc2ea8b7f06b72b1b22d762,15062217,3,True,5,3749,92,3.635294117647059,189,2926,5.6111111111111125,3.93,3.9057521807387494,True,9.941553753342584,23244,0.011249735018502726,100,False,2,1,862,-0.2704580630916906
3e144d949922226e45b17236f65bc0e5,15062217,0,False,,,130,4.723076923076925,1135,2922,3.8,3.93,3.9057521807387494,True,9.941553753342584,23244,0.011249735018502726,100,False,2,1,862,0.8173247423381755
44f8a555e866eae8f7215dae077e9426,15062217,2,True,,,70,3.400000000000001,70,3276,14.0,3.93,3.9057521807387494,True,9.941553753342584,23244,0.011249735018502726,100,False,2,1,862,-0.5057521807387486
8e90085470d145190ed294cb43d03dcc,15062217,2,True,5,3587,107,3.83177570093458,212,2920,5.658227848101266,3.93,3.9057521807387494,True,9.941553753342584,23244,0.011249735018502726,100,False,2,1,862,-0.07397647980416933
73457d03eb614ec06c93d02f8cbf9dd2,15062217,4,True,,,11,4.7,22,3360,0.0,3.93,3.9057521807387494,True,9.941553753342584,23244,0.011249735018502726,100,False,2,1,862,0.7942478192612508
d1e454c7a5fe75cb71d9903c62e632d5,7488665,0,True,,,4,4.333333333333333,12,2947,,4.19,3.924151967396805,True,5.147494476813453,204,9.873283186089125e-05,100,False,2,1,238,0.409181365936528
20a8e2d5b8522c1b09800d0be4efcc8e,1766100,0,False,,,153,3.806666666666666,198,2925,4.462962962962963,4.19,3.926647239424089,True,5.1647859739235145,202,9.77648629210786e-05,100,False,2,1,1200,-0.1199805727574228
e80223d45494fd11b3824b50744becec,581815,4,True,71,3205,7,3.857142857142857,7,3131,71.0,4.19,3.9322156722985433,True,5.204006687076795,205,9.921681633079758e-05,100,False,2,1,223,-0.07507281515568609
1760952e8c34e9309f582ab2cf32b665,581815,4,True,195,3893,83,3.1728395061728403,131,2976,14.254237288135592,4.19,3.9322156722985433,True,5.204006687076795,205,9.921681633079758e-05,100,False,2,1,223,-0.759376166125703
fd55617ffaababce001fe6e404aa2677,10187987,5,True,26,2963,76,3.1600000000000006,143,2950,7.5,4.19,3.9367266500443083,True,5.236441962829949,206,9.97008008007039e-05,100,False,2,1,371,-0.7767266500443077
4b2145d678345a0f46fa5375e18e3a43,10187987,5,True,26,2934,193,3.723958333333333,314,2914,4.32,4.19,3.9367266500443083,True,5.236441962829949,206,9.97008008007039e-05,100,False,2,1,371,-0.2127683167109753
9d4feff5432a5a5243bf277e0d258042,10187987,4,True,0,6505,246,3.394308943089433,276,2921,3.0714285714285707,4.19,3.9367266500443083,True,5.236441962829949,206,9.97008008007039e-05,100,False,2,1,371,-0.5424177069548755
d691784d39cb01127dc2e710f6d2ce1c,4012997,4,True,30,2929,95,4.0212765957446805,237,2921,8.719999999999999,4.19,3.944434703518042,True,5.293304824724492,230,0.00011131642807845582,100,False,2,1,436,0.07684189222663873
5dee55be18bbf830a72f2ce71a906b09,24083276,0,False,,,774,4.389110225763616,1984,2924,3.2554257095158596,4.11,3.948193372014516,True,6.1224928095143865,509,0.0002463480951823218,100,False,2,1,7,0.4409168537491004
4bc4981aea0b03a62abdc54ce59683bd,2760772,5,True,,,17,3.3529411764705883,18,3528,1.5,4.19,3.953926515602332,True,5.365976015021851,229,0.00011083244360854948,100,False,2,1,602,-0.6009853391317437
db19ef4d6567850a78ee609adee33798,2760772,0,False,,,52,3.8627450980392157,90,2936,9.000000000000002,4.19,3.953926515602332,True,5.365976015021851,229,0.00011083244360854948,100,False,2,1,602,-0.09118141756311626
647d98be00b3e79dac51a8a6af8a1d5f,35890397,0,True,,,9,4.142857142857143,10,2948,15.0,4.19,3.987355504782008,True,5.648974238161206,357,0.00017278245575655968,100,False,2,1,661,0.15550163807513506
afeeb750ef98f1a2d35f5572d32f350e,35890397,0,False,,,9,3.7777777777777777,118,2932,22.142857142857142,4.19,3.987355504782008,True,5.648974238161206,357,0.00017278245575655968,100,False,2,1,661,-0.2095777270042305
704539ebe206ec82b1c99692c4836294,35890397,0,False,,,5,2.75,24,2931,19.0,4.19,3.987355504782008,True,5.648974238161206,357,0.00017278245575655968,100,False,2,1,661,-1.2373555047820082
5c15ba174a93e4b869b695c3354caca7,35890397,4,True,28,2937,44,4.428571428571427,241,2914,5.043478260869565,4.19,3.987355504782008,True,5.648974238161206,357,0.00017278245575655968,100,False,2,1,661,0.4412159237894189
967292646aca6029c650a01f0c84991f,35890397,0,True,,,12,3.9,32,2935,7.0,4.19,3.987355504782008,True,5.648974238161206,357,0.00017278245575655968,100,False,2,1,661,-0.08735550478200826
e84c6e8a4c08a60b8bc793db402e714b,10406134,0,False,,,4,4.0,11,3049,0.0,4.19,3.994278968526146,True,5.713732805509369,353,0.00017084651787693437,100,False,2,1,603,0.005721031473854055
ebabbd580fa5b447db0b4459b842ec9f,10406134,3,True,24,2939,59,4.322033898305084,104,2925,8.561403508771928,4.19,3.994278968526146,True,5.713732805509369,353,0.00017084651787693437,100,False,2,1,603,0.32775492977893794
54e4ba255d045f2609b6915440927a44,7189410,0,False,,,58,3.5789473684210518,77,2918,10.020000000000001,4.19,4.006276886144447,True,5.831882477283517,374,0.0001810101917449673,100,False,2,1,371,-0.42732951772339556
6448da21335f502c47f4d4d2cf4f3b35,7189410,5,True,,,49,4.204081632653061,98,2925,8.333333333333334,4.19,4.006276886144447,True,5.831882477283517,374,0.0001810101917449673,100,False,2,1,371,0.19780474650861368
ab674558a3638cdfc1be1698451021fd,2352360,4,True,,8423,11,3.727272727272727,11,4285,,4.19,4.0255913111057575,True,6.040254711277414,485,0.00023473246790456988,100,False,2,1,410,-0.29831858383303045
d18c54ac2641e3b691f3651349cbca1a,2352360,5,True,27,2969,68,3.925373134328358,152,2910,8.923076923076922,4.19,4.0255913111057575,True,6.040254711277414,485,0.00023473246790456988,100,False,2,1,410,-0.1002181767773993
5b658aca83d00e8b2df32b690be6c114,2352360,5,True,,,197,3.5999999999999996,332,2916,1.3913043478260874,4.19,4.0255913111057575,True,6.040254711277414,485,0.00023473246790456988,100,False,2,1,410,-0.4255913111057579
9fa3f9b4eb9c6bdca425fdfb01f34fb1,30753631,0,False,,,3,4.333333333333333,40,2911,0.6666666666666667,4.19,4.032433380430222,True,6.12029741895095,546,0.000264255520568856,100,False,2,1,1010,0.30089995290311133
ab9b6be9599d5d1cae545c109069338f,30753631,5,True,84,3014,24,4.2142857142857135,29,2929,25.076923076923077,4.19,4.032433380430222,True,6.12029741895095,546,0.000264255520568856,100,False,2,1,1010,0.18185233385549182
d76f03e65dbd6cc469d7b7312f2af3f5,30753631,5,True,31,3028,18,3.933333333333333,76,2923,7.571428571428571,4.19,4.032433380430222,True,6.12029741895095,546,0.000264255520568856,100,False,2,1,1010,-0.09910004709688858
fd831e16ac0af21a5557a6e1ce156edf,13506334,4,True,365,4209,48,3.5625000000000004,48,3254,365.0,4.19,4.037175849757215,True,6.1779441140506,592,0.00028651880618454716,100,False,2,1,384,-0.4746758497572148
6371392f8ebc3c89d98e490e451ff1dd,13506334,4,True,19,2973,40,3.8421052631578947,242,2923,17.560000000000002,4.19,4.037175849757215,True,6.1779441140506,592,0.00028651880618454716,100,False,2,1,384,-0.19507058659932053
de65f2d844d1ee1ea3ba8dcd15207c53,1131777,0,False,,,4,4.0,21,2921,,4.19,4.048961706397931,True,6.329720905522696,629,0.0003044262315710813,100,False,2,1,940,-0.04896170639793063
2f8ddb8607afe09b1922573fafc0aa52,1131777,0,True,,,33,3.230769230769231,38,3429,4.866666666666665,4.19,4.048961706397931,True,6.329720905522696,629,0.0003044262315710813,100,False,2,1,940,-0.8181924756286998
739460f812239ae12716abb1f13e789b,1235735,4,True,71,5509,19,3.888888888888889,31,2918,20.909090909090907,4.19,4.093937131206576,True,7.0630481633881725,1348,0.0006524110654337323,100,False,2,1,316,-0.20504824231768692
9bfb1fa2bc75776f8a0ddf064d4c9928,1235735,4,True,,,51,3.2941176470588225,57,3067,4.285714285714286,4.19,4.093937131206576,True,7.0630481633881725,1348,0.0006524110654337323,100,False,2,1,316,-0.7998194841477533
56322b6d965bafbace12cfffed76afd0,1235735,0,True,,4310,30,3.8000000000000007,47,3119,43.81818181818182,4.19,4.093937131206576,True,7.0630481633881725,1348,0.0006524110654337323,100,False,2,1,316,-0.29393713120657505
1abf77035639ce6cbf4f9777ef35cfa9,1235735,5,True,,14175,61,3.245901639344263,113,2929,2.76,4.19,4.093937131206576,True,7.0630481633881725,1348,0.0006524110654337323,100,False,2,1,316,-0.848035491862313
827ffd96b3acbd19877674f7d1481028,1235735,0,False,,,94,3.8488372093023253,248,2925,7.2857142857142865,4.19,4.093937131206576,True,7.0630481633881725,1348,0.0006524110654337323,100,False,2,1,316,-0.24509992190425045
cae3617e6409d66bb117c3de975658a5,1235735,3,True,,,369,3.8650137741046824,451,2919,9.635416666666668,4.19,4.093937131206576,True,7.0630481633881725,1348,0.0006524110654337323,100,False,2,1,316,-0.22892335710189338
324fe8fc43f967558cc6d249b3c0bc15,1235735,5,True,51,3428,79,4.213333333333332,142,2925,20.687499999999996,4.19,4.093937131206576,True,7.0630481633881725,1348,0.0006524110654337323,100,False,2,1,316,0.11939620212675628
2a3862f286aa017e75d6ccfe71138bcb,11381895,5,True,28,2979,103,3.7099999999999986,205,2927,6.942307692307692,4.19,4.102136171480357,True,7.234898420314831,1658,0.0008024462511046945,100,False,2,1,459,-0.3921361714803582
dab5c0ff8c80fbc0c3965abf2c06eb0d,11381895,5,True,143,3669,84,3.0361445783132526,172,2934,15.736842105263158,4.19,4.102136171480357,True,7.234898420314831,1658,0.0008024462511046945,100,False,2,1,459,-1.0659915931671042
daaf44d5db4949e3038437816c6cf097,11381895,0,True,,,4,4.0,47,2933,9.5,4.19,4.102136171480357,True,7.234898420314831,1658,0.0008024462511046945,100,False,2,1,459,-0.10213617148035681
847e60571f65d709ef35da0112fe4f79,11381895,0,True,,,13,4.583333333333333,20,2959,68.6,4.19,4.102136171480357,True,7.234898420314831,1658,0.0008024462511046945,100,False,2,1,459,0.48119716185297623
4d0075b49b489856b22f20648e542daa,11381895,4,True,,,12,4.5,12,3326,,4.19,4.102136171480357,True,7.234898420314831,1658,0.0008024462511046945,100,False,2,1,459,0.3978638285196432
a96501da22566f7cbaa95ba8a2c0bb32,11381895,5,True,21,3019,19,2.9444444444444446,25,2986,17.76923076923077,4.19,4.102136171480357,True,7.234898420314831,1658,0.0008024462511046945,100,False,2,1,459,-1.1576917270359122
6a496afe01939ceccd7bbbad0b8bfa09,11381895,0,False,,,10,4.666666666666667,46,3088,7.142857142857142,4.19,4.102136171480357,True,7.234898420314831,1658,0.0008024462511046945,100,False,2,1,459,0.5645304951863102
28c2e8371c52bcff018bb6eb4ac0e851,11381895,4,True,,,6,3.0,8,3011,16.0,4.19,4.102136171480357,True,7.234898420314831,1658,0.0008024462511046945,100,False,2,1,459,-1.1021361714803568
26884e59178bb9411a2ffa0d46568b17,11252929,0,False,,,5,3.8,15,2959,4.0,4.19,4.10392003394361,True,7.274479558773871,1504,0.0007279126427391198,100,False,2,1,223,-0.30392003394361033
bf86f15907fc115d980df83079b23d11,11252929,5,True,25,2949,3,4.333333333333333,18,2938,25.0,4.19,4.10392003394361,True,7.274479558773871,1504,0.0007279126427391198,100,False,2,1,223,0.22941329938972288
88a434c548786c71caaa2163730a3c8b,11252929,5,True,,,67,4.1230769230769235,127,2933,7.264150943396225,4.19,4.10392003394361,True,7.274479558773871,1504,0.0007279126427391198,100,False,2,1,223,0.01915688913331337
34570dfce554959f35ad113e7d220550,11252929,5,True,,,5,3.0,5,3090,,4.19,4.10392003394361,True,7.274479558773871,1504,0.0007279126427391198,100,False,2,1,223,-1.1039200339436102
056573fe889a208ebb1e908f134be369,10576,0,False,,,0,,17,3172,,4.19,4.10431902033417,True,7.283448228756631,1756,0.0008498767291555149,100,False,2,1,683,
6f2fe532a9b4456b846099434326f84a,10576,5,True,18,2989,30,3.8666666666666676,108,2913,23.09090909090909,4.19,4.10431902033417,True,7.283448228756631,1756,0.0008498767291555149,100,False,2,1,683,-0.2376523536675026
79ee2a68c039fe46a349b61346a5f5c0,10576,0,True,,,12,3.5,15,2982,5.300000000000001,4.19,4.10431902033417,True,7.283448228756631,1756,0.0008498767291555149,100,False,2,1,683,-0.6043190203341702
a365838bb6e925197bb969e525bfdd7c,10576,0,False,,,21,3.9411764705882355,173,2926,27.63157894736842,4.19,4.10431902033417,True,7.283448228756631,1756,0.0008498767291555149,100,False,2,1,683,-0.16314254974593467
e4ce700af727cfb45110468b66b6397f,10576,5,True,,5409,5,4.8,30,3392,19.0,4.19,4.10431902033417,True,7.283448228756631,1756,0.0008498767291555149,100,False,2,1,683,0.6956809796658296
8b974977c5730b28604acd41150a06ca,10576,5,True,,,34,3.6875000000000004,42,3328,6.25,4.19,4.10431902033417,True,7.283448228756631,1756,0.0008498767291555149,100,False,2,1,683,-0.41681902033416973
acd66bafdee010c46c94ccb42f04953e,27877138,0,True,,,21,3.9499999999999997,53,2920,5.428571428571428,4.19,4.11870051088772,True,7.639161171659173,2512,0.0012157689884047,100,False,2,1,889,-0.16870051088772042
7ceb9429bb28f04e8916c0f3e8c7a904,27877138,0,True,,,22,3.68421052631579,137,2921,2.5454545454545454,4.19,4.11870051088772,True,7.639161171659173,2512,0.0012157689884047,100,False,2,1,889,-0.43448998457193033
d883536c6d52c5e9f072435ef96bd1b0,27877138,0,True,,,1,,9,2933,,4.19,4.11870051088772,True,7.639161171659173,2512,0.0012157689884047,100,False,2,1,889,
302d00914ddd5556dedfeb2d202cb9f1,27877138,5,True,42,3259,30,3.8,284,2924,20.409090909090907,4.19,4.11870051088772,True,7.639161171659173,2512,0.0012157689884047,100,False,2,1,889,-0.31870051088772033
c7beed148c03ba74eb84089bd75cb26d,27877138,0,False,,,21,3.45,39,2921,11.076923076923075,4.19,4.11870051088772,True,7.639161171659173,2512,0.0012157689884047,100,False,2,1,889,-0.66870051088772
ebe45387d6837be524aad235cf1cb9ee,27877138,0,False,,,46,4.17948717948718,277,2940,54.0,4.19,4.11870051088772,True,7.639161171659173,2512,0.0012157689884047,100,False,2,1,889,0.06078666859945958
1c11e30e1c0ee7db20c291b1ffad365d,27877138,0,True,,,69,3.015151515151515,153,2973,4.741935483870968,4.19,4.11870051088772,True,7.639161171659173,2512,0.0012157689884047,100,False,2,1,889,-1.103548995736205
5e2b9d6905be1997de4e8868cdfa2652,27877138,5,True,214,3148,16,3.9285714285714284,50,3095,91.25,4.19,4.11870051088772,True,7.639161171659173,2512,0.0012157689884047,100,False,2,1,889,-0.19012908231629178
1679268bb29f6b3672fa1bb7f66fa547,27877138,0,False,,,25,4.12,113,2917,65.85714285714285,4.19,4.11870051088772,True,7.639161171659173,2512,0.0012157689884047,100,False,2,1,889,0.0012994891122799501
f709876a517fdeada9ab20081646984b,27877138,0,False,,,3,4.666666666666667,2866,2915,0.5,4.19,4.11870051088772,True,7.639161171659173,2512,0.0012157689884047,100,False,2,1,889,0.5479661557789468
f080b63a30c321164c2ca72422723788,27877138,0,True,,,122,3.6260869565217395,188,2917,33.40697674418605,4.19,4.11870051088772,True,7.639161171659173,2512,0.0012157689884047,100,False,2,1,889,-0.49261355436598064
254e18fb2be60cf6607e24e929b1e435,27877138,4,True,13,3133,48,3.723404255319149,64,2926,3.5,4.19,4.11870051088772,True,7.639161171659173,2512,0.0012157689884047,100,False,2,1,889,-0.3952962555685713
326d187c6533791d1f6745abe1bc07fd,27877138,0,False,,,6,5.0,15,2944,73.0,4.19,4.11870051088772,True,7.639161171659173,2512,0.0012157689884047,100,False,2,1,889,0.8812994891122798
4d8563ed386748dcd42d4bab116b38f3,27877138,4,True,,,10,4.0,17,3056,19.0,4.19,4.11870051088772,True,7.639161171659173,2512,0.0012157689884047,100,False,2,1,889,-0.11870051088772016
66ed597d156d15d0170c32607288e5ee,27877138,0,False,,,2,2.5,44,2927,4.0,4.19,4.11870051088772,True,7.639161171659173,2512,0.0012157689884047,100,False,2,1,889,-1.6187005108877202
8ad0807d4bfdc495c4c9e06cb4c7e1bd,27877138,0,False,,,28,2.7619047619047623,916,2930,46.25,4.19,4.11870051088772,True,7.639161171659173,2512,0.0012157689884047,100,False,2,1,889,-1.3567957489829578
e7a4b55237f515f43c39289418a97d80,8130430,0,True,,,313,3.25938566552901,421,2923,23.437125748502993,4.19,4.128175349422751,True,7.91644286012226,2909,0.001407910822957513,100,False,2,1,613,-0.8687896838937408
68dc3cb35aaa328e54ab4ddbf6f986fa,8130430,4,True,40,4992,74,3.753424657534247,85,2924,7.446153846153845,4.19,4.128175349422751,True,7.91644286012226,2909,0.001407910822957513,100,False,2,1,613,-0.37475069188850396
f13c87ffebcf131132f3d4ec3a3e9695,8130430,0,False,,,2,5.0,45,3024,,4.19,4.128175349422751,True,7.91644286012226,2909,0.001407910822957513,100,False,2,1,613,0.8718246505772491
dee1049ed47a70933b584fdf25a00bdd,8130430,5,True,162,2964,6,4.75,7,2942,64.33333333333334,4.19,4.128175349422751,True,7.91644286012226,2909,0.001407910822957513,100,False,2,1,613,0.6218246505772491
ec8bb8efae32f7052d1605d940fa88a8,8130430,5,True,17,3901,47,4.297872340425533,65,2962,13.799999999999997,4.19,4.128175349422751,True,7.91644286012226,2909,0.001407910822957513,100,False,2,1,613,0.16969699100278213
b6bb013f9dba99e9927a33adf58e2bbd,8130430,3,True,71,3504,70,3.7391304347826084,899,2914,14.36842105263158,4.19,4.128175349422751,True,7.91644286012226,2909,0.001407910822957513,100,False,2,1,613,-0.38904491464014246
8dabb216a95ba8570219e2c929a92383,8130430,5,True,61,4678,10,3.5555555555555554,13,2954,51.16666666666667,4.19,4.128175349422751,True,7.91644286012226,2909,0.001407910822957513,100,False,2,1,613,-0.5726197938671955
0742b341c9c7a78c80af27f3213dcbb1,644173,5,True,,,62,4.262295081967212,71,2954,13.0,4.19,4.130841313120427,True,8.002359546252707,3395,0.001643127275331989,100,False,2,1,1676,0.13145376884678495
6c5fd6117fc6764460c0472f8395350b,644173,4,True,,,84,3.609756097560976,143,2932,60.6,4.19,4.130841313120427,True,8.002359546252707,3395,0.001643127275331989,100,False,2,1,1676,-0.5210852155594505
e6f41aa81a2d7dddf9d69bbac8697c62,644173,0,False,,,33,3.6875,416,2911,6.3103448275862055,4.19,4.130841313120427,True,8.002359546252707,3395,0.001643127275331989,100,False,2,1,1676,-0.4433413131204267
4c968cb250d6ff73b6aace4239af754e,644173,0,True,,,9,4.125,36,2946,4.2,4.19,4.130841313120427,True,8.002359546252707,3395,0.001643127275331989,100,False,2,1,1676,-0.005841313120426683
fac8e5415d3fe540ced53ecbb085f887,644173,4,True,,13871,50,3.4599999999999995,50,3267,9.0,4.19,4.130841313120427,True,8.002359546252707,3395,0.001643127275331989,100,False,2,1,1676,-0.6708413131204272
77490e7a6cbcdab406291b77be4be3bd,644173,5,True,,5434,4,3.25,4,3267,,4.19,4.130841313120427,True,8.002359546252707,3395,0.001643127275331989,100,False,2,1,1676,-0.8808413131204267
80ae60b4ccbf8ad5df3088810769cf49,644173,4,True,6,3895,111,3.663551401869159,188,2993,41.775862068965516,4.19,4.130841313120427,True,8.002359546252707,3395,0.001643127275331989,100,False,2,1,1676,-0.46728991125126784
2610353100e3690ff498fce8de773321,644173,5,True,,,98,3.5306122448979593,736,2923,21.444444444444443,4.19,4.130841313120427,True,8.002359546252707,3395,0.001643127275331989,100,False,2,1,1676,-0.6002290682224674
c689f464ad7bed5f8a51d33d7cd99db8,644173,0,True,,,2,5.0,2,2961,,4.19,4.130841313120427,True,8.002359546252707,3395,0.001643127275331989,100,False,2,1,1676,0.8691586868795733
445bc139df7e7a04eeec6f299fb65ddd,644173,3,True,188,4439,36,4.03030303030303,58,2920,22.636363636363633,4.19,4.130841313120427,True,8.002359546252707,3395,0.001643127275331989,100,False,2,1,1676,-0.10053828281739641
6742602a5c0a719664448e28858e70fb,644173,5,True,94,2975,220,3.765258215962441,805,2919,19.124999999999996,4.19,4.130841313120427,True,8.002359546252707,3395,0.001643127275331989,100,False,2,1,1676,-0.36558309715798565
b4b8ce09e1a7c8cd2da25c0d7d43df53,644173,0,False,,,38,3.2894736842105257,75,2924,13.764705882352942,4.19,4.130841313120427,True,8.002359546252707,3395,0.001643127275331989,100,False,2,1,1676,-0.841367628909901
289242b01205fe75abd61822b539e173,644173,5,True,23,2941,20,4.052631578947368,28,2927,4.866666666666666,4.19,4.130841313120427,True,8.002359546252707,3395,0.001643127275331989,100,False,2,1,1676,-0.07820973417305854
f7ac1b7cdc640067d68e974b61d1eb83,644173,0,False,,,10,4.375,152,3169,14.0,4.19,4.130841313120427,True,8.002359546252707,3395,0.001643127275331989,100,False,2,1,1676,0.24415868687957332
8268e36bff0b6ea192a7d5fda2293913,644173,0,True,,,10,4.0,67,3004,0.0,4.19,4.130841313120427,True,8.002359546252707,3395,0.001643127275331989,100,False,2,1,1676,-0.13084131312042668
7245d5f99e027089bac9433f87e1fc97,644173,5,True,,,274,3.4377358490566046,375,2991,12.983050847457624,4.19,4.130841313120427,True,8.002359546252707,3395,0.001643127275331989,100,False,2,1,1676,-0.6931054640638221
6307f31a9d0842f2d5544832373c64e8,28094574,0,False,,,10,3.6666666666666665,22,2969,3.0,4.19,4.146438437481066,True,8.601166625192416,5772,0.002793558360299335,100,False,2,1,654,-0.4797717708143998
0dca0f7abced6bdff954badfb3191b1b,28094574,0,False,,,15,3.785714285714285,58,2922,15.625000000000002,4.19,4.146438437481066,True,8.601166625192416,5772,0.002793558360299335,100,False,2,1,654,-0.3607241517667812
01fd2cde08dd7dffa622d1e93509472a,28094574,4,True,7,3045,17,4.124999999999999,28,2921,2.875,4.19,4.146438437481066,True,8.601166625192416,5772,0.002793558360299335,100,False,2,1,654,-0.02143843748106722
8e3773e7258594cc63caf7e63ee6a894,28094574,0,False,,,17,4.312500000000001,37,2958,6.5,4.19,4.146438437481066,True,8.601166625192416,5772,0.002793558360299335,100,False,2,1,654,0.16606156251893456
25f78a1158eaa6ded24a4170594f47cb,28094574,4,True,,3086,13,3.5555555555555554,17,2940,166.66666666666669,4.19,4.146438437481066,True,8.601166625192416,5772,0.002793558360299335,100,False,2,1,654,-0.590882881925511
23190ac97f85c4223a4ca285bf303032,28094574,0,False,,,6,3.333333333333333,16,2941,22.0,4.19,4.146438437481066,True,8.601166625192416,5772,0.002793558360299335,100,False,2,1,654,-0.8131051041477333
9689f257c5ddd552fcd8d01b9fc3a466,28094574,0,True,35,2935,180,3.6862745098039227,209,2917,34.2247191011236,4.19,4.146438437481066,True,8.601166625192416,5772,0.002793558360299335,100,False,2,1,654,-0.46016392767714365
52f3266ef146e434deba4acb39bc2b97,28094574,4,True,5,3047,75,3.84,99,2935,4.696969696969697,4.19,4.146438437481066,True,8.601166625192416,5772,0.002793558360299335,100,False,2,1,654,-0.3064384374810665
f3200a3b51d2c9dad838cd2a03a375f8,28094574,0,True,,,2,5.0,2,3064,,4.19,4.146438437481066,True,8.601166625192416,5772,0.002793558360299335,100,False,2,1,654,0.8535615625189337
7d797f301bc0f44bbf4204dfb8b60c9c,28094574,0,False,,,7,4.166666666666667,12,2923,4.0,4.19,4.146438437481066,True,8.601166625192416,5772,0.002793558360299335,100,False,2,1,654,0.020228229185600632
f35ef5dbe1bf24ce0a2790b614b1acaf,28094574,0,False,,,0,,10,2928,,4.19,4.146438437481066,True,8.601166625192416,5772,0.002793558360299335,100,False,2,1,654,
e299882c507560074524db18a3351d7c,28094574,4,True,26,2999,23,3.6086956521739135,94,2929,20.666666666666668,4.19,4.146438437481066,True,8.601166625192416,5772,0.002793558360299335,100,False,2,1,654,-0.5377427853071528
dc16b9ddf74ecfaaad178d5ca41625c3,28094574,0,False,,,7,4.166666666666667,16,2930,17.333333333333332,4.19,4.146438437481066,True,8.601166625192416,5772,0.002793558360299335,100,False,2,1,654,0.020228229185600632
d94723ac2eddbc9931a0ee0fe8a6beb8,830502,0,False,,,4,3.75,8,2914,,4.19,4.1828242233500355,True,12.175850523340587,198253,0.09595137311233957,100,False,2,1,779,-0.43282422335003545
66666a6e81b09e8b136af199a711c15a,830502,0,False,,,4,4.5,25,2955,,4.19,4.1828242233500355,True,12.175850523340587,198253,0.09595137311233957,100,False,2,1,779,0.31717577664996455
2c534c915407bcaeac46b2e925865dbf,830502,4,True,,,6,4.2,13,2914,1.0,4.19,4.1828242233500355,True,12.175850523340587,198253,0.09595137311233957,100,False,2,1,779,0.017175776649964725
37480324e56c2822005cf0d34e621e1d,830502,5,True,,,22,4.190476190476191,30,2923,135.0,4.19,4.1828242233500355,True,12.175850523340587,198253,0.09595137311233957,100,False,2,1,779,0.007651967126155235
f92551f33aca8e43beddda681e33551e,830502,3,True,,,64,3.9508196721311477,90,2923,21.32608695652174,4.19,4.1828242233500355,True,12.175850523340587,198253,0.09595137311233957,100,False,2,1,779,-0.23200455121888774
ec1410c1f5d51dc44f85213aac785d5d,830502,5,True,,,43,3.9302325581395348,71,2954,7.451612903225808,4.19,4.1828242233500355,True,12.175850523340587,198253,0.09595137311233957,100,False,2,1,779,-0.2525916652105007
27ac4fdd3db73e91b1381ac4e1e30174,830502,5,True,,,22,3.9545454545454546,22,3401,,4.19,4.1828242233500355,True,12.175850523340587,198253,0.09595137311233957,100,False,2,1,779,-0.22827876880458087
c28a9aa06449a6468302de0b57ec5f9b,830502,0,False,,,32,4.199999999999999,46,3019,50.7857142857143,4.19,4.1828242233500355,True,12.175850523340587,198253,0.09595137311233957,100,False,2,1,779,0.017175776649963836
b34c501df2fd0bcccdbaaade2fbea788,830502,0,False,,,3,4.333333333333333,19,2945,9.5,4.19,4.1828242233500355,True,12.175850523340587,198253,0.09595137311233957,100,False,2,1,779,0.15050910998329758
80ebcc8636cd64a2ed3384c1e04984ba,830502,5,True,,,2,4.5,4,3318,,4.19,4.1828242233500355,True,12.175850523340587,198253,0.09595137311233957,100,False,2,1,779,0.31717577664996455
0d75dd6999eed221bdd4805e104165c2,830502,5,True,,,2,5.0,2,3567,,4.19,4.1828242233500355,True,12.175850523340587,198253,0.09595137311233957,100,False,2,1,779,0.8171757766499645
0f3583471dc2fa5ceab8b192215e9b83,830502,0,False,,,2,4.5,14,2913,18.0,4.19,4.1828242233500355,True,12.175850523340587,198253,0.09595137311233957,100,False,2,1,779,0.31717577664996455
c4f5023f953fcf4560ce417f75b14781,830502,5,True,,,64,3.482142857142858,67,3004,5.714285714285714,4.19,4.1828242233500355,True,12.175850523340587,198253,0.09595137311233957,100,False,2,1,779,-0.7006813662071774
ac3bd73e2884981920da094e637609d9,830502,5,True,,,59,4.086206896551724,84,3019,35.63636363636364,4.19,4.1828242233500355,True,12.175850523340587,198253,0.09595137311233957,100,False,2,1,779,-0.09661732679831125
b2a1ee93519848d24db5e57cf654b803,830502,0,False,,,9,3.75,25,2923,10.5,4.19,4.1828242233500355,True,12.175850523340587,198253,0.09595137311233957,100,False,2,1,779,-0.43282422335003545
e8e95cd9e1d3d66722f15e949ed31312,830502,4,True,55,2940,13,3.5384615384615383,20,2934,18.90909090909091,4.19,4.1828242233500355,True,12.175850523340587,198253,0.09595137311233957,100,False,2,1,779,-0.6443626848884971
d760810ab71b04de0eecc1c18cfdf330,830502,0,False,,,1,4.0,14,2938,5.0,4.19,4.1828242233500355,True,12.175850523340587,198253,0.09595137311233957,100,False,2,1,779,-0.18282422335003545
d08a80c39e29a5855c1875bbeb692129,830502,3,True,,,23,3.8260869565217397,31,3204,,4.19,4.1828242233500355,True,12.175850523340587,198253,0.09595137311233957,100,False,2,1,779,-0.35673726682829576
234073dc49cc447b02b1659378d0415a,830502,3,True,7,3036,98,3.2989690721649483,117,2921,1.481927710843374,4.19,4.1828242233500355,True,12.175850523340587,198253,0.09595137311233957,100,False,2,1,779,-0.8838551511850872
7908658cf217c58bae6a751399d7ba75,830502,0,False,,,18,4.470588235294118,60,2922,13.25,4.19,4.1828242233500355,True,12.175850523340587,198253,0.09595137311233957,100,False,2,1,779,0.2877640119440823
a36262b967f9e405623c191c832e3e27,830502,5,True,,,12,4.0,19,3597,8.0,4.19,4.1828242233500355,True,12.175850523340587,198253,0.09595137311233957,100,False,2,1,779,-0.18282422335003545
aa17185413f3c4dbc4e55c1dab899235,830502,5,True,,13444,11,3.7,46,2934,24.75,4.19,4.1828242233500355,True,12.175850523340587,198253,0.09595137311233957,100,False,2,1,779,-0.4828242233500353
94c8cc944b0a96d5cdb022afeccb2676,830502,0,False,,,0,,2,3110,,4.19,4.1828242233500355,True,12.175850523340587,198253,0.09595137311233957,100,False,2,1,779,
794049c0016d937fa0f389cf961b7162,830502,0,False,,,50,3.92,465,2922,7.205882352941174,4.19,4.1828242233500355,True,12.175850523340587,198253,0.09595137311233957,100,False,2,1,779,-0.2628242233500355
856ccc199f9c9a63ac953768b567b78f,830502,4,True,,,48,4.562499999999999,51,3267,,4.19,4.1828242233500355,True,12.175850523340587,198253,0.09595137311233957,100,False,2,1,779,0.37967577664996366
c9f52491437ee2aef4684274d336c39b,830502,0,False,,,0,,2,2981,,4.19,4.1828242233500355,True,12.175850523340587,198253,0.09595137311233957,100,False,2,1,779,
edef354425d74253558da2cc02cecc31,830502,5,True,,,54,4.499999999999999,55,3757,,4.19,4.1828242233500355,True,12.175850523340587,198253,0.09595137311233957,100,False,2,1,779,0.31717577664996366
741c2c605d99932e802a0c9d3badc822,830502,5,True,62,3629,3,4.0,4,3321,31.666666666666668,4.19,4.1828242233500355,True,12.175850523340587,198253,0.09595137311233957,100,False,2,1,779,-0.18282422335003545
ec06c4493df3e03bcccf501031876e0d,830502,0,False,,,7,5.0,24,3143,0.0,4.19,4.1828242233500355,True,12.175850523340587,198253,0.09595137311233957,100,False,2,1,779,0.8171757766499645
a42a7daa570506bec0de49ba87773b46,830502,4,True,,3736,15,3.8,25,2928,17.0,4.19,4.1828242233500355,True,12.175850523340587,198253,0.09595137311233957,100,False,2,1,779,-0.38282422335003563
cbc2c84521137f0ef7462122e3af3894,830502,5,True,112,3134,3,3.666666666666667,22,3134,63.0,4.19,4.1828242233500355,True,12.175850523340587,198253,0.09595137311233957,100,False,2,1,779,-0.5161575566833685
d44f52b195a052eefef96366260ab9fb,830502,0,False,,,29,3.3793103448275863,47,2933,11.4,4.19,4.1828242233500355,True,12.175850523340587,198253,0.09595137311233957,100,False,2,1,779,-0.8035138785224492
da42cdf7d7f91321acd6c8e22ddcb04c,830502,2,True,,,19,4.5,24,2934,27.6,4.19,4.1828242233500355,True,12.175850523340587,198253,0.09595137311233957,100,False,2,1,779,0.31717577664996455
e6d8b1d475d3af6bd85bc4e893e5f957,830502,0,False,,,11,4.888888888888889,39,2949,28.0,4.19,4.1828242233500355,True,12.175850523340587,198253,0.09595137311233957,100,False,2,1,779,0.7060646655388538
8cb06ef5315e734d4e8854efaec84ff3,830502,5,True,,,116,4.9224137931034475,142,3038,,4.19,4.1828242233500355,True,12.175850523340587,198253,0.09595137311233957,100,False,2,1,779,0.7395895697534121
8181bb6739bf2a01f4d65d678954a38e,830502,0,False,,,15,3.666666666666667,30,3147,22.799999999999997,4.19,4.1828242233500355,True,12.175850523340587,198253,0.09595137311233957,100,False,2,1,779,-0.5161575566833685
dd2ed5e552e311355bb82534173daf45,830502,5,True,,14175,41,3.342857142857143,83,2953,11.76,4.19,4.1828242233500355,True,12.175850523340587,198253,0.09595137311233957,100,False,2,1,779,-0.8399670804928925
4772be92f719d0703b7b6eca0e4aca48,830502,5,True,,,42,4.658536585365853,48,3425,,4.19,4.1828242233500355,True,12.175850523340587,198253,0.09595137311233957,100,False,2,1,779,0.4757123620158179
3c3851688399d6d704de937456192043,830502,0,False,,,34,4.636363636363636,107,3064,17.444444444444446,4.19,4.1828242233500355,True,12.175850523340587,198253,0.09595137311233957,100,False,2,1,779,0.45353941301360035
db3667b806f188c2a86c883b18f69823,830502,4,True,,3112,4,4.0,4,3112,,4.19,4.1828242233500355,True,12.175850523340587,198253,0.09595137311233957,100,False,2,1,779,-0.18282422335003545
e6c5f31228edc212c2878028038a12ac,830502,5,True,31,2974,53,3.8679245283018866,86,2956,14.88235294117647,4.19,4.1828242233500355,True,12.175850523340587,198253,0.09595137311233957,100,False,2,1,779,-0.31489969504814885
7cdffc2506e2c556954d3c25bfbc872c,830502,0,False,,,4,4.5,16,3020,,4.19,4.1828242233500355,True,12.175850523340587,198253,0.09595137311233957,100,False,2,1,779,0.31717577664996455
7f1f54c829c6319691b356c1ba27e075,830502,5,True,,,10,4.6,10,3815,,4.19,4.1828242233500355,True,12.175850523340587,198253,0.09595137311233957,100,False,2,1,779,0.4171757766499642
b4bcae89847f9be3d0db32524f87e753,830502,0,False,,,10,4.1,46,2933,5.0,4.19,4.1828242233500355,True,12.175850523340587,198253,0.09595137311233957,100,False,2,1,779,-0.08282422335003581
74af3894da5496c36949e8d6cb837d7f,830502,0,False,,,43,3.3095238095238093,173,2933,10.5,4.19,4.1828242233500355,True,12.175850523340587,198253,0.09595137311233957,100,False,2,1,779,-0.8733004138262261
6b7d209c4287ea521024df50e8c0710e,830502,3,True,,,13,4.230769230769231,29,3057,408.0,4.19,4.1828242233500355,True,12.175850523340587,198253,0.09595137311233957,100,False,2,1,779,0.047945007419195385
9840500c2f2a6269bd163ab619d3477f,830502,0,False,,,5,4.25,8,2974,,4.19,4.1828242233500355,True,12.175850523340587,198253,0.09595137311233957,100,False,2,1,779,0.06717577664996455
4924810490cd6548b21b90c00acd2149,830502,0,True,,,2,4.0,10,2922,2.0,4.19,4.1828242233500355,True,12.175850523340587,198253,0.09595137311233957,100,False,2,1,779,-0.18282422335003545
eed1c42b288ac96f7610497a6b8cd6a3,830502,4,True,,3027,14,4.3076923076923075,29,2929,,4.19,4.1828242233500355,True,12.175850523340587,198253,0.09595137311233957,100,False,2,1,779,0.12486808434227203
2fe082136b282483cde06d59e066db3e,830502,5,True,19,2954,18,3.1999999999999997,35,2954,16.0,4.19,4.1828242233500355,True,12.175850523340587,198253,0.09595137311233957,100,False,2,1,779,-0.9828242233500357
be59779958f9e127e750163bfe523d8d,830502,0,False,,,2,4.5,34,3577,,4.19,4.1828242233500355,True,12.175850523340587,198253,0.09595137311233957,100,False,2,1,779,0.31717577664996455
a9e3960ed38e898a1e6c74bdfca1180d,830502,0,False,,,29,3.896551724137931,60,2929,7.5,4.19,4.1828242233500355,True,12.175850523340587,198253,0.09595137311233957,100,False,2,1,779,-0.2862724992121044
b6c2b9e9714ba3bc3aef7e4da6e6ace3,830502,0,False,,,8,4.125,20,2966,6.0,4.19,4.1828242233500355,True,12.175850523340587,198253,0.09595137311233957,100,False,2,1,779,-0.05782422335003545
61f0bff971eb332bcaa2dddf0e945fca,830502,0,False,,,5,4.0,23,2932,38.33333333333333,4.19,4.1828242233500355,True,12.175850523340587,198253,0.09595137311233957,100,False,2,1,779,-0.18282422335003545
ed593f5a2d2198b1cd11293adb57d348,830502,0,False,,,3,3.3333333333333335,5,3054,12.5,4.19,4.1828242233500355,True,12.175850523340587,198253,0.09595137311233957,100,False,2,1,779,-0.849490890016702
ec5b46ed41c262e8c67d26fb2d573350,830502,3,True,,2956,6,3.166666666666667,7,2923,,4.19,4.1828242233500355,True,12.175850523340587,198253,0.09595137311233957,100,False,2,1,779,-1.0161575566833685
0777260a72d6ffe0e91fb405e7476e79,830502,0,True,62,3465,15,4.090909090909092,33,3189,14.666666666666666,4.19,4.1828242233500355,True,12.175850523340587,198253,0.09595137311233957,100,False,2,1,779,-0.09191513244094374
65c36c0ab4a1ad042d7beba2de4e354f,830502,0,False,,,4,3.3333333333333335,6,3245,49.0,4.19,4.1828242233500355,True,12.175850523340587,198253,0.09595137311233957,100,False,2,1,779,-0.849490890016702
5f38ffe40332c290486c8bbd4bc99da9,830502,4,True,,,12,3.7,29,2935,84.0,4.19,4.1828242233500355,True,12.175850523340587,198253,0.09595137311233957,100,False,2,1,779,-0.4828242233500353
ed03e5002d6dd97bb30119cb60bbe374,830502,4,True,,,5,3.2,6,2963,,4.19,4.1828242233500355,True,12.175850523340587,198253,0.09595137311233957,100,False,2,1,779,-0.9828242233500353
5a5edf62e82130f5dbe218e00cde68ff,830502,4,True,,,4,4.0,4,3576,,4.19,4.1828242233500355,True,12.175850523340587,198253,0.09595137311233957,100,False,2,1,779,-0.18282422335003545
5a35f608a4ad3bec04a85ae771ab5b64,830502,0,False,,,14,3.9285714285714284,20,2959,5.363636363636365,4.19,4.1828242233500355,True,12.175850523340587,198253,0.09595137311233957,100,False,2,1,779,-0.25425279477860707
49b52677d2aa820c308419a4faaf9931,830502,0,False,,,34,4.25,88,2936,13.75,4.19,4.1828242233500355,True,12.175850523340587,198253,0.09595137311233957,100,False,2,1,779,0.06717577664996455
d280b11901c14e065bf346adf5a8b3a5,830502,0,False,,,1,4.0,20,2970,28.0,4.19,4.1828242233500355,True,12.175850523340587,198253,0.09595137311233957,100,False,2,1,779,-0.18282422335003545
feae0bfc6bb3f98c6fda5f432f0c98f1,830502,0,False,,,3,4.0,16,2957,10.0,4.19,4.1828242233500355,True,12.175850523340587,198253,0.09595137311233957,100,False,2,1,779,-0.18282422335003545
d5bef74dcb5a95670dff23bd03518bdb,830502,0,False,,,12,3.7777777777777777,85,2925,8.0,4.19,4.1828242233500355,True,12.175850523340587,198253,0.09595137311233957,100,False,2,1,779,-0.4050464455722578
417b02174bce6f21a8cc1f5417ae1183,830502,5,True,,,38,4.105263157894737,64,2971,15.666666666666666,4.19,4.1828242233500355,True,12.175850523340587,198253,0.09595137311233957,100,False,2,1,779,-0.07756106545529828
7ff06e2dafe7c43e13e60e58482c799f,830502,0,False,,,23,3.8636363636363638,88,2925,7.222222222222222,4.19,4.1828242233500355,True,12.175850523340587,198253,0.09595137311233957,100,False,2,1,779,-0.3191878597136717
ce604fcf67ef36f67a2bd42e94be87e9,830502,0,False,,,54,4.391304347826087,70,2939,26.33333333333334,4.19,4.1828242233500355,True,12.175850523340587,198253,0.09595137311233957,100,False,2,1,779,0.20848012447605146
b563bbf745fa7f2450665eaababc7bf8,830502,5,True,,,6,4.333333333333334,8,3098,,4.19,4.1828242233500355,True,12.175850523340587,198253,0.09595137311233957,100,False,2,1,779,0.15050910998329847
f3864c5a8da965eed489da80960eef15,830502,4,True,0,3586,55,4.2407407407407405,60,2934,0.8679245283018869,4.19,4.1828242233500355,True,12.175850523340587,198253,0.09595137311233957,100,False,2,1,779,0.057916517390705025
adbd6f77c0eff8c3be292695c9368dd2,830502,5,True,,,10,4.9,50,2984,,4.19,4.1828242233500355,True,12.175850523340587,198253,0.09595137311233957,100,False,2,1,779,0.7171757766499649
e1394865f88218e1afda8bcc885ef183,830502,0,False,,,10,3.7777777777777777,50,2949,4.875,4.19,4.1828242233500355,True,12.175850523340587,198253,0.09595137311233957,100,False,2,1,779,-0.4050464455722578
a32a1c3c68beb6af0f43784ecc8df4f9,830502,5,True,,,117,3.7739130434782604,121,2924,1.1363636363636362,4.19,4.1828242233500355,True,12.175850523340587,198253,0.09595137311233957,100,False,2,1,779,-0.40891117987177505
dfe58d249d4dd8367ddd483c036665c5,830502,5,True,,,67,4.029850746268657,162,3158,13.714285714285714,4.19,4.1828242233500355,True,12.175850523340587,198253,0.09595137311233957,100,False,2,1,779,-0.1529734770813782
93c9b37d4a1bac2721821b7290edb3f3,830502,0,False,,,1,3.0,19,3024,105.0,4.19,4.1828242233500355,True,12.175850523340587,198253,0.09595137311233957,100,False,2,1,779,-1.1828242233500355
6a6fc9a30600687bbb3cb909990f7ddc,830502,0,False,,,15,3.8461538461538463,511,2931,10.0,4.19,4.1828242233500355,True,12.175850523340587,198253,0.09595137311233957,100,False,2,1,779,-0.3366703771961892
86e0b363082a4b477287b14c68f5eb54,830502,5,True,0,3339,34,4.205882352941177,34,2959,20.529411764705884,4.19,4.1828242233500355,True,12.175850523340587,198253,0.09595137311233957,100,False,2,1,779,0.023058129591141174
7faa8815116d2585d903696196b7016f,830502,2,True,1,2921,162,2.767295597484278,192,2921,1.7358490566037734,4.19,4.1828242233500355,True,12.175850523340587,198253,0.09595137311233957,100,False,2,1,779,-1.4155286258657576
c9f2296a300dd7fabb2ac4c01ac090d4,830502,0,False,,,9,3.3333333333333335,26,2933,10.0,4.19,4.1828242233500355,True,12.175850523340587,198253,0.09595137311233957,100,False,2,1,779,-0.849490890016702
c1b0e039ce89de34fded3a8b25e1112e,830502,0,False,,,13,3.0,40,2930,10.0,4.19,4.1828242233500355,True,12.175850523340587,198253,0.09595137311233957,100,False,2,1,779,-1.1828242233500355
a85241b4526b5841e2e8ca8d4de686ef,830502,5,True,,,28,3.6296296296296293,30,3221,5.0,4.19,4.1828242233500355,True,12.175850523340587,198253,0.09595137311233957,100,False,2,1,779,-0.5531945937204061
c6834a1661cfd25de8664fbc0669112a,830502,0,False,,,7,3.4285714285714284,27,3126,9.5,4.19,4.1828242233500355,True,12.175850523340587,198253,0.09595137311233957,100,False,2,1,779,-0.7542527947786071
731cea4ee7915f19b0997d05fda0831d,830502,0,False,,,9,4.222222222222222,19,3143,,4.19,4.1828242233500355,True,12.175850523340587,198253,0.09595137311233957,100,False,2,1,779,0.03939799887218687
97973e9f55bdb7a437bf99386526387c,830502,0,False,,,37,4.135135135135135,59,2990,22.0,4.19,4.1828242233500355,True,12.175850523340587,198253,0.09595137311233957,100,False,2,1,779,-0.047689088214900366
a03f10e246aa66d69f88f4acd7aecaf0,830502,5,True,,,76,3.549295774647887,188,2931,63.268292682926834,4.19,4.1828242233500355,True,12.175850523340587,198253,0.09595137311233957,100,False,2,1,779,-0.6335284487021484
280d5e52b9588a86511e3d1f9fe0c954,830502,0,True,,,106,4.647619047619047,230,2923,35.416666666666664,4.19,4.1828242233500355,True,12.175850523340587,198253,0.09595137311233957,100,False,2,1,779,0.46479482426901164
4b5e2be350aef33da00eb82d5ee20307,830502,0,False,,,112,3.666666666666667,371,2921,18.951219512195117,4.19,4.1828242233500355,True,12.175850523340587,198253,0.09595137311233957,100,False,2,1,779,-0.5161575566833685
4c54d2a75b23744bf2bf8f68051c3972,830502,0,False,,,36,3.9117647058823533,88,2919,9.034482758620692,4.19,4.1828242233500355,True,12.175850523340587,198253,0.09595137311233957,100,False,2,1,779,-0.2710595174676822
659de576019b65fb24cad039f6f83a2b,830502,0,False,,,6,4.0,13,2924,10.0,4.19,4.1828242233500355,True,12.175850523340587,198253,0.09595137311233957,100,False,2,1,779,-0.18282422335003545
1b2c2fbf1a91612b3c1ca4dc32f10cf7,830502,0,True,,,15,4.076923076923077,23,2943,5.846153846153847,4.19,4.1828242233500355,True,12.175850523340587,198253,0.09595137311233957,100,False,2,1,779,-0.1059011464269588
41d6377213433c0b984e20f6cc0961c1,830502,0,False,,,4,5.0,169,2921,0.0,4.19,4.1828242233500355,True,12.175850523340587,198253,0.09595137311233957,100,False,2,1,779,0.8171757766499645
16cf1bc069664d7e1b22ce60eb3260ec,830502,0,True,,,113,3.333333333333333,211,3369,6.086956521739132,4.19,4.1828242233500355,True,12.175850523340587,198253,0.09595137311233957,100,False,2,1,779,-0.8494908900167024
b12dea16300a4b17de2031b484792145,830502,0,False,,,39,4.128205128205129,129,2919,17.44444444444444,4.19,4.1828242233500355,True,12.175850523340587,198253,0.09595137311233957,100,False,2,1,779,-0.054619095144906815
c06b1a3efedd9543dca74e1071dd2205,830502,5,True,231,2918,4,4.666666666666667,16,2918,231.0,4.19,4.1828242233500355,True,12.175850523340587,198253,0.09595137311233957,100,False,2,1,779,0.4838424433166315
6b3d4a5e18cfd776a6309c083ceb3c92,830502,4,True,,,12,3.875,13,3109,83.5,4.19,4.1828242233500355,True,12.175850523340587,198253,0.09595137311233957,100,False,2,1,779,-0.30782422335003545
5528e9f4aebd4f07620396d277b7a49b,830502,4,True,,,13,4.181818181818182,26,2974,41.83333333333333,4.19,4.1828242233500355,True,12.175850523340587,198253,0.09595137311233957,100,False,2,1,779,-0.0010060415318537963
c25ecf2258c3dd4c254432f0f7667c89,830502,4,True,,,36,3.6666666666666665,37,3214,,4.19,4.1828242233500355,True,12.175850523340587,198253,0.09595137311233957,100,False,2,1,779,-0.5161575566833689
d1d6f234d2de8abe1e086dc54a336912,830502,0,False,,,6,4.333333333333334,24,3430,7.5,4.19,4.1828242233500355,True,12.175850523340587,198253,0.09595137311233957,100,False,2,1,779,0.15050910998329847
1417d34b642b45e8a01d43329b0cd6e5,830502,4,True,,,39,4.512820512820514,40,3187,4.333333333333333,4.19,4.1828242233500355,True,12.175850523340587,198253,0.09595137311233957,100,False,2,1,779,0.3299962894704782
4e1d507d639e317c1b8d6e5a1d72f4ae,830502,0,True,66,3361,8,,22,3361,11.625,4.19,4.1828242233500355,True,12.175850523340587,198253,0.09595137311233957,100,False,2,1,779,
62ffa5efc6c0f41c2696601a68e8be01,830502,4,True,,,86,3.987179487179486,146,2935,3.91044776119403,4.19,4.1828242233500355,True,12.175850523340587,198253,0.09595137311233957,100,False,2,1,779,-0.19564473617054956
d2d71848f45158298628b35027657665,830502,0,False,,,8,4.0,20,3074,30.999999999999996,4.19,4.1828242233500355,True,12.175850523340587,198253,0.09595137311233957,100,False,2,1,779,-0.18282422335003545
02e3c4f5f80f8606b91bf2c40268aea5,830502,4,True,3,2985,4,3.5,10,2971,12.75,4.19,4.1828242233500355,True,12.175850523340587,198253,0.09595137311233957,100,False,2,1,779,-0.6828242233500355
27f134c8965e883e28759875729075b8,830502,0,True,,,19,4.1,80,2927,48.705882352941174,4.19,4.1828242233500355,True,12.175850523340587,198253,0.09595137311233957,100,False,2,1,779,-0.08282422335003581
6101689e314d568ca332d4c9fd4045af,830502,0,False,,,0,,18,2944,,4.19,4.1828242233500355,True,12.175850523340587,198253,0.09595137311233957,100,False,2,1,779,
46ff19717fc63ca2bf3b72d190a65c71,830502,0,False,,,2,4.5,8,2965,2.5,4.19,4.1828242233500355,True,12.175850523340587,198253,0.09595137311233957,100,False,2,1,779,0.31717577664996455
79743d8845fa3ef00b263af4aff563e9,830502,0,False,,,58,3.155172413793103,222,2925,5.0,4.19,4.1828242233500355,True,12.175850523340587,198253,0.09595137311233957,100,False,2,1,779,-1.0276518095569322
eb5835561653d5792b08517174afde8b,830502,0,False,,,26,4.846153846153847,139,2921,3.7333333333333334,4.19,4.1828242233500355,True,12.175850523340587,198253,0.09595137311233957,100,False,2,1,779,0.6633296228038112
2b51820c2478c6596ffc9e4b25ab44a7,830502,5,True,,,25,3.24,29,2925,,4.19,4.1828242233500355,True,12.175850523340587,198253,0.09595137311233957,100,False,2,1,779,-0.9428242233500352
45e347aca6134e836887715c46c366eb,830502,0,False,,,1,5.0,19,2959,0.0,4.19,4.1828242233500355,True,12.175850523340587,198253,0.09595137311233957,100,False,2,1,779,0.8171757766499645
8cd5c9538d1add7ef39693832da9e1e0,830502,5,True,23,3311,14,3.5,18,3016,15.5,4.19,4.1828242233500355,True,12.175850523340587,198253,0.09595137311233957,100,False,2,1,779,-0.6828242233500355
e823862b52f1f285d6cfe28dfbfeec28,830502,4,True,,,8,3.375,10,2946,44.0,4.19,4.1828242233500355,True,12.175850523340587,198253,0.09595137311233957,100,False,2,1,779,-0.8078242233500355
2a698e132e80129ad08dbd7d23202569,830502,0,False,,,3,4.333333333333333,11,2989,1.0,4.19,4.1828242233500355,True,12.175850523340587,198253,0.09595137311233957,100,False,2,1,779,0.15050910998329758
b6a21a7211f23e0bba2dcb9cb2ff43ae,830502,0,True,,,6,4.4,35,2922,102.75,4.19,4.1828242233500355,True,12.175850523340587,198253,0.09595137311233957,100,False,2,1,779,0.2171757766499649
cc8a7ac2380bd18e1cc1138dfc3ff339,830502,0,False,,,4,4.25,28,2921,7.0,4.19,4.1828242233500355,True,12.175850523340587,198253,0.09595137311233957,100,False,2,1,779,0.06717577664996455
f3b9cc9ae27c38a39522063c0a59f7c4,830502,3,True,42,3065,26,3.9615384615384617,80,2920,15.714285714285714,4.19,4.1828242233500355,True,12.175850523340587,198253,0.09595137311233957,100,False,2,1,779,-0.22128576181157378
50635e66220867481e8b82cbe86d3a35,830502,0,False,,,0,,6,2959,,4.19,4.1828242233500355,True,12.175850523340587,198253,0.09595137311233957,100,False,2,1,779,
aaedf25bb7c1b446910cb05b8373f7e8,830502,0,True,,,11,3.888888888888889,20,2936,6.0,4.19,4.1828242233500355,True,12.175850523340587,198253,0.09595137311233957,100,False,2,1,779,-0.2939353344611466
0b771ed7d9884f2c581f1d620a24035e,830502,0,True,,,4,4.0,30,2975,91.0,4.19,4.1828242233500355,True,12.175850523340587,198253,0.09595137311233957,100,False,2,1,779,-0.18282422335003545
cd403a78040e09ac57f2d17e6b61fa15,830502,4,True,,,64,3.3728813559322033,83,2932,21.57142857142857,4.19,4.1828242233500355,True,12.175850523340587,198253,0.09595137311233957,100,False,2,1,779,-0.8099428674178322
5e567ab6adc1de88d72372553544d847,830502,0,False,,,1,3.0,3,3430,,4.19,4.1828242233500355,True,12.175850523340587,198253,0.09595137311233957,100,False,2,1,779,-1.1828242233500355
37c22359b6326e65c42d55f8346fcd00,830502,4,True,9,3173,148,3.89041095890411,150,2925,5.920000000000001,4.19,4.1828242233500355,True,12.175850523340587,198253,0.09595137311233957,100,False,2,1,779,-0.2924132644459254
2e00b5d3b59f17b7ea6663b5a29d2cfa,830502,0,False,,,0,,22,3197,,4.19,4.1828242233500355,True,12.175850523340587,198253,0.09595137311233957,100,False,2,1,779,
efa6e95096fe1f8947f163e3ca3bd084,830502,0,False,,,1,5.0,17,3112,,4.19,4.1828242233500355,True,12.175850523340587,198253,0.09595137311233957,100,False,2,1,779,0.8171757766499645
1c780e48c5add5e7d52be39e35e0a71b,830502,5,True,41,3680,66,3.707692307692308,82,2923,10.806451612903226,4.19,4.1828242233500355,True,12.175850523340587,198253,0.09595137311233957,100,False,2,1,779,-0.4751319156577276
02a48f8880d06035b187093be6d0fd8d,830502,0,False,,,2,4.0,16,2945,,4.19,4.1828242233500355,True,12.175850523340587,198253,0.09595137311233957,100,False,2,1,779,-0.18282422335003545
a6360a0a1062443cdda034eeea325f69,830502,0,False,,,8,4.2857142857142865,38,2942,48.666666666666664,4.19,4.1828242233500355,True,12.175850523340587,198253,0.09595137311233957,100,False,2,1,779,0.10289006236425102
9638875f7a8e071b47be0453304a17d8,830502,0,True,,,12,4.125,12,2936,10.363636363636365,4.19,4.1828242233500355,True,12.175850523340587,198253,0.09595137311233957,100,False,2,1,779,-0.05782422335003545
b9d032bde88f395870e2b69bc7cb3dbc,830502,0,False,,,0,,20,2954,,4.19,4.1828242233500355,True,12.175850523340587,198253,0.09595137311233957,100,False,2,1,779,
1a6045fbacc02252cebfb67952674dd9,830502,4,True,25,2934,32,4.161290322580645,51,2919,4.4399999999999995,4.19,4.1828242233500355,True,12.175850523340587,198253,0.09595137311233957,100,False,2,1,779,-0.021533900769390435
1bdce367c7aa4c7b6085af848891eefc,830502,5,True,,,46,4.377777777777778,81,2951,27.882352941176467,4.19,4.1828242233500355,True,12.175850523340587,198253,0.09595137311233957,100,False,2,1,779,0.19495355442774276
1a6f085b02127236f8d62e13e2ef928f,830502,5,True,79,2927,17,3.823529411764706,23,2927,19.0,4.19,4.1828242233500355,True,12.175850523340587,198253,0.09595137311233957,100,False,2,1,779,-0.3592948115853294
9704a361223cfc253bf9b5d145b706da,830502,0,False,,,6,4.0,74,2937,46.0,4.19,4.1828242233500355,True,12.175850523340587,198253,0.09595137311233957,100,False,2,1,779,-0.18282422335003545
b3a4d3d471b899fc3e53ac5e7e8e0b08,830502,0,False,,,34,4.0,85,2932,2.3000000000000003,4.19,4.1828242233500355,True,12.175850523340587,198253,0.09595137311233957,100,False,2,1,779,-0.18282422335003545
